id,eventId,typeId,periodId,timeMin,timeSec,contestantId,outcome,x,y,timeStamp,lastModified,qualifier/0/id,qualifier/0/qualifierId,qualifier/0/value,qualifier/1/id,qualifier/1/qualifierId,qualifier/1/value,qualifier/2/id,qualifier/2/qualifierId,qualifier/2/value,qualifier/3/id,qualifier/3/qualifierId,qualifier/3/value,qualifier/4/id,qualifier/4/qualifierId,qualifier/4/value,qualifier/5/id,qualifier/5/qualifierId,qualifier/5/value,qualifier/6/id,qualifier/6/qualifierId,qualifier/6/value,qualifier/7/id,qualifier/7/qualifierId,qualifier/7/value,playerId,playerName,keyPass,qualifier/8/id,qualifier/8/qualifierId,qualifier/9/id,qualifier/9/qualifierId,qualifier/9/value,qualifier/10/id,qualifier/10/qualifierId,qualifier/8/value,qualifier/11/id,qualifier/11/qualifierId,qualifier/12/id,qualifier/12/qualifierId,qualifier/13/id,qualifier/13/qualifierId,qualifier/13/value,qualifier/14/id,qualifier/14/qualifierId,qualifier/14/value,qualifier/15/id,qualifier/15/qualifierId,qualifier/16/id,qualifier/16/qualifierId,qualifier/10/value,assist,qualifier/11/value
2540551121,1,34,16,0,0,28u3q82ip96ahymkup01vfxli,1,0,0,2023-04-29T10:37:52.279Z,2023-04-29T11:45:20Z,4234083269,197,9086,4234083261,59,"33, 4, 2, 30, 15, 22, 21, 14, 19, 16, 10, 1, 8, 20, 23, 28, 32, 34, 40, 41",4234083271,227,"0, 0, 0, 0, 0, 0, 0, 0, 0, 0, 0, 0, 0, 0, 0, 0, 0, 0, 0, 0",4234083257,30,"avud4qv9xovwlr2pxc8fcmiuh, 6k1s7y9dnzdpppppdco7bgudx, 4r1z04gidueqs684yxeyrq8ve, 60q198d41n3y887jeiezr850q, d3qtg5xhiwe3zamb4mh50whjp, 8hmqpyniap0whyfhco0dhp3v9, 7f7tbbjqhhyydjj4wurm28xcl, 9mfotw533oa5qs1muu2z8t8lx, 2xphfksgb05a8z4e9328mywvd, c7giuh90mnvajsobobcbx4ley, 7m31qpkmuh3amb6navttdlvpx, 7n8jink50lk1tivoqpe57h32t, 2hoa4v8810rmsbi85pfanyfl6, 1ct6g590mpcg14jw94v4g2tm2, 3upyu7hn2q7voapvgtlnl1yad, 8ctokja53x311jvllpdh6v4yd, 32qdycwtlahk754bdqjsowduc, dkjsgguge2u6wrt9epktjqbys, cxn46t7y57p1u243wp7dy8ydw, e9d84gt62onfgxr33f0t8g178",4234083265,131,"1, 2, 3, 4, 5, 6, 7, 8, 9, 10, 11, 0, 0, 0, 0, 0, 0, 0, 0, 0",4234083267,194,7m31qpkmuh3amb6navttdlvpx,4234083259,44,"1, 2, 2, 3, 2, 2, 3, 3, 4, 3, 3, 5, 5, 5, 5, 5, 5, 5, 5, 5",4234083263,130,8,,,,,,,,,,,,,,,,,,,,,,,,,,,,
2540551155,1,34,16,0,0,mjejb0x57ms54j9ry6s8njwh,1,0,0,2023-04-29T10:38:00.961Z,2023-04-29T10:38:01Z,4234083511,194,40drqeciuqe2j07g5cnc6xf55,4234083513,197,738,4234083505,59,"1, 2, 12, 8, 3, 6, 19, 18, 29, 7, 24, 4, 15, 17, 21, 22, 23, 35",4234083503,44,"1, 2, 2, 3, 2, 2, 3, 3, 4, 3, 3, 5, 5, 5, 5, 5, 5, 5",4234083515,227,"0, 0, 0, 0, 0, 0, 0, 0, 0, 0, 0, 0, 0, 0, 0, 0, 0, 0",4234083501,30,"cn8ti0qxxvg0z0vvmwkocggr9, 2wv3bsfv3jh5ar8xw97lpxr6d, 40drqeciuqe2j07g5cnc6xf55, efvcf4syatkaw5fbo37i5hat, cmcx5h39wkd0cnsbq1vcob4r9, 871cll4se1mtci0na61o632dx, xhbmqvlmvk0gguvc9u806itx, 9v895fdc1blaaboscv14vp149, 1bpq54voea3pt7n7ppzoyvvth, brppytuf1766c50274dkue5pm, dw593ezeekrbzlc2qhtc805p1, 8eixmur5ss02hjp0vh099jyz9, d0da7ef6pvbmrnw0j93iv1jze, en5gss0im4eenrtt3zctkpm8l, 5llfshqnnnclh5o2t1b1ckqtx, 768y6t2upduf30343ymkariwa, 5wjfxb57gtzmp7m29wotyafv9, d80r13kh5f6bcpwsy3cka75d5",4234083507,130,8,4234083509,131,"1, 2, 3, 4, 5, 6, 7, 8, 9, 10, 11, 0, 0, 0, 0, 0, 0, 0",,,,,,,,,,,,,,,,,,,,,,,,,,,,
2540575193,2,32,1,0,0,28u3q82ip96ahymkup01vfxli,1,0,0,2023-04-29T11:31:19.919Z,2023-04-29T11:31:22Z,4234203227,127,Left to Right,,,,,,,,,,,,,,,,,,,,,,,,,,,,,,,,,,,,,,,,,,,,,,,,,
2540575183,2,32,1,0,0,mjejb0x57ms54j9ry6s8njwh,1,0,0,2023-04-29T11:31:19.919Z,2023-04-29T11:31:20Z,4234203179,127,Right to Left,,,,,,,,,,,,,,,,,,,,,,,,,,,,,,,,,,,,,,,,,,,,,,,,,
2540575219,3,1,1,0,0,mjejb0x57ms54j9ry6s8njwh,1,50.2,49.9,2023-04-29T11:31:20.019Z,2023-04-29T11:31:22Z,4234203325,212,14.8,4234203323,141,49.4,4234203327,213,3.2,4234203319,56,Back,4234203329,279,S,4234203321,140,36.1,,,,,,,1bpq54voea3pt7n7ppzoyvvth,N. Dowie,,,,,,,,,,,,,,,,,,,,,,,,,,
2540575253,4,1,1,0,2,mjejb0x57ms54j9ry6s8njwh,1,35.9,47.5,2023-04-29T11:31:22.531Z,2023-04-29T11:31:25Z,4234203455,141,50.0,4234203457,212,22.4,4234203453,140,14.6,4234203459,213,3.1,4234203451,56,Back,,,,,,,,,,efvcf4syatkaw5fbo37i5hat,F. Nagano,,,,,,,,,,,,,,,,,,,,,,,,,,
2540575309,5,1,1,0,5,mjejb0x57ms54j9ry6s8njwh,1,14.6,50,2023-04-29T11:31:25.098Z,2023-04-29T11:31:28Z,4234203743,140,21.4,4234203755,213,5.1,4234203749,212,21.0,4234203741,56,Back,4234203745,141,21.0,,,,,,,,,,cn8ti0qxxvg0z0vvmwkocggr9,R. Laws,,,,,,,,,,,,,,,,,,,,,,,,,,
2540575353,6,1,1,0,8,mjejb0x57ms54j9ry6s8njwh,1,22.9,19.4,2023-04-29T11:31:28.826Z,2023-04-29T11:31:32Z,4234203955,56,Back,4234203963,213,2.3,4234203957,140,9.7,4234203959,141,43.3,4234203961,212,21.4,,,,,,,,,,cmcx5h39wkd0cnsbq1vcob4r9,L. Robe,,,,,,,,,,,,,,,,,,,,,,,,,,
2540575395,7,1,1,0,12,mjejb0x57ms54j9ry6s8njwh,1,10.3,44.8,2023-04-29T11:31:32.347Z,2023-04-29T11:31:35Z,4234204169,141,95.6,4234204179,213,0.8,4234204171,212,48.2,4234204155,155,,4234204163,140,42.3,4234204159,56,Back,4234204181,1,,,,,cn8ti0qxxvg0z0vvmwkocggr9,R. Laws,,,,,,,,,,,,,,,,,,,,,,,,,,
2540575413,8,1,1,0,14,mjejb0x57ms54j9ry6s8njwh,0,42.3,95.6,2023-04-29T11:31:34.802Z,2023-04-29T11:31:36Z,4234204243,141,82.1,4234204247,213,5.3,4234204239,56,Back,4234204241,140,48.7,4234204245,212,11.4,,,,,,,,,,40drqeciuqe2j07g5cnc6xf55,T. Hinds,,,,,,,,,,,,,,,,,,,,,,,,,,
2540575455,9,1,1,0,18,mjejb0x57ms54j9ry6s8njwh,0,44.9,77.3,2023-04-29T11:31:38.227Z,2023-04-29T11:31:38Z,4234204417,141,77.9,4234204419,212,0.4,4234204413,56,Back,4234204415,140,44.8,4234204421,213,1.8,,,,,,,,,,brppytuf1766c50274dkue5pm,M. Kearns,,,,,,,,,,,,,,,,,,,,,,,,,,
2540575471,3,1,1,0,18,28u3q82ip96ahymkup01vfxli,1,57.7,33.1,2023-04-29T11:31:38.520Z,2023-04-29T11:31:39Z,4234204491,56,Center,4234204497,212,6.4,4234204499,213,5.8,4234204493,140,63.2,4234204495,141,29.1,,,,,,,,,,7f7tbbjqhhyydjj4wurm28xcl,H. Cain,,,,,,,,,,,,,,,,,,,,,,,,,,
2540575479,4,49,1,0,19,28u3q82ip96ahymkup01vfxli,1,63.3,29.1,2023-04-29T11:31:39.551Z,2023-04-29T11:31:39Z,,,,,,,,,,,,,,,,,,,,,,,,,9mfotw533oa5qs1muu2z8t8lx,J. Green,,,,,,,,,,,,,,,,,,,,,,,,,,
2540575493,5,1,1,0,20,28u3q82ip96ahymkup01vfxli,1,63.1,29.7,2023-04-29T11:31:39.935Z,2023-04-29T11:31:41Z,4234204581,212,12.6,4234204575,56,Center,4234204583,213,6.3,4234204579,141,29.2,4234204577,140,75.1,,,,,,,,,,9mfotw533oa5qs1muu2z8t8lx,J. Green,,,,,,,,,,,,,,,,,,,,,,,,,,
2540575513,6,1,1,0,21,28u3q82ip96ahymkup01vfxli,1,75.1,29.2,2023-04-29T11:31:41.159Z,2023-04-29T11:31:42Z,4234204665,56,Right,4234204671,212,10.8,4234204667,140,72.9,4234204673,213,4.5,4234204669,141,13.7,,,,,,,,,,7m31qpkmuh3amb6navttdlvpx,A. Whelan,,,,,,,,,,,,,,,,,,,,,,,,,,
2540575555,7,1,1,0,22,28u3q82ip96ahymkup01vfxli,0,72.8,12.8,2023-04-29T11:31:42.808Z,2023-04-29T11:31:45Z,4234204859,212,17.7,4234204851,155,,4234204855,140,85.3,4234204861,213,0.7,4234204853,56,Center,4234204857,141,30.3,,,,,,,9mfotw533oa5qs1muu2z8t8lx,J. Green,,,,,,,,,,,,,,,,,,,,,,,,,,
2540575535,10,61,1,0,23,mjejb0x57ms54j9ry6s8njwh,1,27.5,86.5,2023-04-29T11:31:43.749Z,2023-04-29T11:31:43Z,4234204749,56,Back,,,,,,,,,,,,,,,,,,,,,,40drqeciuqe2j07g5cnc6xf55,T. Hinds,,,,,,,,,,,,,,,,,,,,,,,,,,
2540575569,11,49,1,0,26,mjejb0x57ms54j9ry6s8njwh,1,7.6,66.6,2023-04-29T11:31:46.354Z,2023-04-29T11:31:46Z,,,,,,,,,,,,,,,,,,,,,,,,,cmcx5h39wkd0cnsbq1vcob4r9,L. Robe,,,,,,,,,,,,,,,,,,,,,,,,,,
2540575599,12,1,1,0,27,mjejb0x57ms54j9ry6s8njwh,0,5.2,70.6,2023-04-29T11:31:47.282Z,2023-04-29T11:31:48Z,4234205035,212,20.2,4234205037,213,1.9,4234205029,56,Back,4234205033,141,98.7,4234205025,157,,4234205039,1,,4234205031,140,0.0,,,,cmcx5h39wkd0cnsbq1vcob4r9,L. Robe,,,,,,,,,,,,,,,,,,,,,,,,,,
2540575625,8,6,1,0,28,28u3q82ip96ahymkup01vfxli,1,93.2,15.8,2023-04-29T11:31:48.125Z,2023-04-29T11:36:03Z,4234205171,233,13,4234205167,56,Right,4234205169,75,,,,,,,,,,,,,,,,,9mfotw533oa5qs1muu2z8t8lx,J. Green,,,,,,,,,,,,,,,,,,,,,,,,,,
2540575601,13,6,1,0,28,mjejb0x57ms54j9ry6s8njwh,0,6.8,84.2,2023-04-29T11:31:48.125Z,2023-04-29T11:31:51Z,4234205043,73,,4234205205,233,8,4234205041,56,Back,,,,,,,,,,,,,,,,cmcx5h39wkd0cnsbq1vcob4r9,L. Robe,,,,,,,,,,,,,,,,,,,,,,,,,,
2540576133,9,1,1,1,11,28u3q82ip96ahymkup01vfxli,1,99.5,0.5,2023-04-29T11:32:31.135Z,2023-04-29T11:33:03Z,4234207681,141,40.1,4234207673,155,,4234207677,56,Center,4234207685,213,2.0,4234207679,140,87.1,4234209311,154,,4234207675,223,,4234207683,212,29.9,4r1z04gidueqs684yxeyrq8ve,C. Nevin,1,4234207669,2,4234209309,210,15,4234207671,6,,,,,,,,,,,,,,,,,,
2540576135,10,15,1,1,15,28u3q82ip96ahymkup01vfxli,1,87.1,40.1,2023-04-29T11:32:35.687Z,2023-04-29T11:33:03Z,4234209051,82,,4234209381,146,94.0,4234207695,56,Center,4234209385,230,98.4,4234209067,233,14,4234209383,147,44.6,4234209387,231,48.4,4234207693,17,,7f7tbbjqhhyydjj4wurm28xcl,H. Cain,,4234209377,103,4234209365,78,,4234209379,328,19,4234209047,20,4234209367,29,4234209375,102,48.5,4234209371,55,9,4234209369,154,4234209045,25,,,
2540576127,14,10,1,1,15,mjejb0x57ms54j9ry6s8njwh,1,10.2,44.6,2023-04-29T11:32:35.787Z,2023-04-29T11:33:24Z,4234209083,233,10,4234207657,94,,4234207659,56,Back,,,,,,,,,,,,,,,,9v895fdc1blaaboscv14vp149,C. Holland,,,,,,,,,,,,,,,,,,,,,,,,,,
2540576615,20,12,1,1,16,mjejb0x57ms54j9ry6s8njwh,1,10.6,48.8,2023-04-29T11:32:36.537Z,2023-04-29T11:33:17Z,4234210151,213,5.5,4234210145,140,27.6,4234210143,56,Back,4234210147,141,24.1,4234210149,212,24.5,,,,,,,,,,871cll4se1mtci0na61o632dx,J. Matthews,,,,,,,,,,,,,,,,,,,,,,,,,,
2540576207,11,1,1,1,19,28u3q82ip96ahymkup01vfxli,1,77.3,84.2,2023-04-29T11:32:39.375Z,2023-04-29T11:32:41Z,4234208087,213,3.6,4234208083,212,13.9,4234208073,140,65.7,4234208069,56,Center,4234208077,141,74.5,,,,,,,,,,c7giuh90mnvajsobobcbx4ley,C. Jones,,,,,,,,,,,,,,,,,,,,,,,,,,
2540576217,12,1,1,1,21,28u3q82ip96ahymkup01vfxli,0,60.6,69,2023-04-29T11:32:41.503Z,2023-04-29T11:32:42Z,4234208155,140,66.6,4234208159,212,6.3,4234208157,141,69.1,4234208161,213,0.0,4234208153,56,Center,,,,,,,,,,9mfotw533oa5qs1muu2z8t8lx,J. Green,,,,,,,,,,,,,,,,,,,,,,,,,,
2540576225,15,8,1,1,23,mjejb0x57ms54j9ry6s8njwh,1,33.2,46.3,2023-04-29T11:32:42.994Z,2023-04-29T11:32:43Z,4234208205,56,Back,,,,,,,,,,,,,,,,,,,,,,brppytuf1766c50274dkue5pm,M. Kearns,,,,,,,,,,,,,,,,,,,,,,,,,,
2540576295,13,1,1,1,27,28u3q82ip96ahymkup01vfxli,0,57,37.3,2023-04-29T11:32:47.495Z,2023-04-29T11:32:48Z,4234208583,213,0,4234208585,1,,4234208579,141,37.3,4234208581,212,32.8,4234208575,56,Center,4234208573,155,,4234208577,140,88.2,,,,9mfotw533oa5qs1muu2z8t8lx,J. Green,,,,,,,,,,,,,,,,,,,,,,,,,,
2540576313,16,52,1,1,30,mjejb0x57ms54j9ry6s8njwh,1,9.1,61.1,2023-04-29T11:32:50.833Z,2023-04-29T11:33:00Z,,,,,,,,,,,,,,,,,,,,,,,,,cn8ti0qxxvg0z0vvmwkocggr9,R. Laws,,,,,,,,,,,,,,,,,,,,,,,,,,
2540576501,17,1,1,1,44,mjejb0x57ms54j9ry6s8njwh,1,13,63.1,2023-04-29T11:33:03.986Z,2023-04-29T11:33:07Z,4234209591,141,70.9,4234209593,212,19.7,4234209585,123,,4234209595,213,0.3,4234209589,140,31.1,4234209587,56,Back,,,,,,,cn8ti0qxxvg0z0vvmwkocggr9,R. Laws,,,,,,,,,,,,,,,,,,,,,,,,,,
2540576561,18,1,1,1,47,mjejb0x57ms54j9ry6s8njwh,0,24.1,57,2023-04-29T11:33:07.124Z,2023-04-29T11:33:11Z,4234209847,56,Back,4234209849,140,40.7,4234209855,213,5.1,4234209853,212,43.1,4234209857,1,,4234209851,141,0.0,,,,,,,9v895fdc1blaaboscv14vp149,C. Holland,,,,,,,,,,,,,,,,,,,,,,,,,,
2540576735,14,5,1,1,51,28u3q82ip96ahymkup01vfxli,1,61.8,101.4,2023-04-29T11:33:11.627Z,2023-04-29T11:36:05Z,4234210795,347,,4234210819,233,19,4234210793,56,Left,,,,,,,,,,,,,,,,9mfotw533oa5qs1muu2z8t8lx,J. Green,,,,,,,,,,,,,,,,,,,,,,,,,,
2540576569,19,5,1,1,51,mjejb0x57ms54j9ry6s8njwh,0,38.2,-1.4,2023-04-29T11:33:11.627Z,2023-04-29T11:33:29Z,4234209889,56,Back,4234210839,233,14,4234209891,347,,,,,,,,,,,,,,,,,9v895fdc1blaaboscv14vp149,C. Holland,,,,,,,,,,,,,,,,,,,,,,,,,,
2540576779,15,1,1,2,8,28u3q82ip96ahymkup01vfxli,0,63.8,100,2023-04-29T11:33:28.809Z,2023-04-29T11:33:32Z,4234210989,107,,4234210999,213,6.0,4234210991,56,Left,4234210995,141,95.6,4234210997,212,15.3,4234210993,140,77.8,,,,,,,4r1z04gidueqs684yxeyrq8ve,C. Nevin,,,,,,,,,,,,,,,,,,,,,,,,,,
2540576789,21,1,1,2,12,mjejb0x57ms54j9ry6s8njwh,0,29.4,25.6,2023-04-29T11:33:32.777Z,2023-04-29T11:33:34Z,4234211069,140,31.9,4234211107,236,,4234211071,141,25.8,4234211075,213,0.1,4234211113,286,,4234211067,56,Back,4234211073,212,2.6,4234211109,233,16,cmcx5h39wkd0cnsbq1vcob4r9,L. Robe,,,,,,,,,,,,,,,,,,,,,,,,,,
2540576791,16,74,1,2,12,28u3q82ip96ahymkup01vfxli,1,76.8,95.3,2023-04-29T11:33:32.778Z,2023-04-29T11:35:59Z,4234211117,233,21,4234211081,285,,4234211079,56,Left,,,,,,,,,,,,,,,,7m31qpkmuh3amb6navttdlvpx,A. Whelan,,,,,,,,,,,,,,,,,,,,,,,,,,
2540576841,22,1,1,2,16,mjejb0x57ms54j9ry6s8njwh,0,33.2,40.9,2023-04-29T11:33:36.121Z,2023-04-29T11:33:36Z,4234211355,140,45.0,4234211359,212,16.0,4234211357,141,26.1,4234211353,56,Back,4234211361,213,5.6,,,,,,,,,,9v895fdc1blaaboscv14vp149,C. Holland,,,,,,,,,,,,,,,,,,,,,,,,,,
2540576855,23,49,1,2,18,mjejb0x57ms54j9ry6s8njwh,1,43.9,27.4,2023-04-29T11:33:38.466Z,2023-04-29T11:33:38Z,,,,,,,,,,,,,,,,,,,,,,,,,xhbmqvlmvk0gguvc9u806itx,S. van de Sanden,,,,,,,,,,,,,,,,,,,,,,,,,,
2540576867,24,61,1,2,19,mjejb0x57ms54j9ry6s8njwh,0,41.5,31.8,2023-04-29T11:33:39.649Z,2023-04-29T11:33:39Z,4234211483,56,Back,,,,,,,,,,,,,,,,,,,,,,xhbmqvlmvk0gguvc9u806itx,S. van de Sanden,,,,,,,,,,,,,,,,,,,,,,,,,,
2540576871,17,49,1,2,20,28u3q82ip96ahymkup01vfxli,1,59.6,73.9,2023-04-29T11:33:39.983Z,2023-04-29T11:33:40Z,,,,,,,,,,,,,,,,,,,,,,,,,60q198d41n3y887jeiezr850q,R. Mace,,,,,,,,,,,,,,,,,,,,,,,,,,
2540576901,18,1,1,2,20,28u3q82ip96ahymkup01vfxli,1,59.6,73.9,2023-04-29T11:33:40.463Z,2023-04-29T11:33:42Z,4234211615,56,Left,4234211623,213,0.8,4234211621,212,7.8,4234211619,141,82.3,4234211617,140,64.6,,,,,,,,,,60q198d41n3y887jeiezr850q,R. Mace,,,,,,,,,,,,,,,,,,,,,,,,,,
2540576921,19,1,1,2,22,28u3q82ip96ahymkup01vfxli,1,64.6,82.3,2023-04-29T11:33:42.815Z,2023-04-29T11:33:45Z,4234211711,140,64.7,4234211715,212,29.2,4234211709,56,Center,4234211717,213,4.7,4234211713,141,39.4,,,,,,,,,,c7giuh90mnvajsobobcbx4ley,C. Jones,,,,,,,,,,,,,,,,,,,,,,,,,,
2540576947,20,1,1,2,25,28u3q82ip96ahymkup01vfxli,0,65.8,38.9,2023-04-29T11:33:45.278Z,2023-04-29T11:33:48Z,4234211847,140,83.2,4234211855,212,19.5,4234211843,56,Center,4234211851,141,28.9,4234211859,213,5.9,,,,,,,,,,9mfotw533oa5qs1muu2z8t8lx,J. Green,,,,,,,,,,,,,,,,,,,,,,,,,,
2540576955,25,49,1,2,28,mjejb0x57ms54j9ry6s8njwh,1,17,81.2,2023-04-29T11:33:48.281Z,2023-04-29T11:33:48Z,,,,,,,,,,,,,,,,,,,,,,,,,40drqeciuqe2j07g5cnc6xf55,T. Hinds,,,,,,,,,,,,,,,,,,,,,,,,,,
2540576973,26,1,1,2,28,mjejb0x57ms54j9ry6s8njwh,0,17,81.2,2023-04-29T11:33:48.417Z,2023-04-29T11:33:49Z,4234211953,56,Back,4234211961,213,0.1,4234211959,212,6.3,4234211957,141,82.3,4234211955,140,23.0,,,,,,,,,,40drqeciuqe2j07g5cnc6xf55,T. Hinds,,,,,,,,,,,,,,,,,,,,,,,,,,
2540577015,21,61,1,2,30,28u3q82ip96ahymkup01vfxli,1,76.5,28,2023-04-29T11:33:50.433Z,2023-04-29T11:34:12Z,4234212063,56,Center,,,,,,,,,,,,,,,,,,,,,,7f7tbbjqhhyydjj4wurm28xcl,H. Cain,,,,,,,,,,,,,,,,,,,,,,,,,,
2540577039,22,5,1,2,30,28u3q82ip96ahymkup01vfxli,0,70.6,-1.6,2023-04-29T11:33:50.762Z,2023-04-29T11:36:05Z,4234212199,56,Right,4234212407,233,27,4234212201,347,,,,,,,,,,,,,,,,,7f7tbbjqhhyydjj4wurm28xcl,H. Cain,,,,,,,,,,,,,,,,,,,,,,,,,,
2540577081,27,5,1,2,30,mjejb0x57ms54j9ry6s8njwh,1,29.4,101.6,2023-04-29T11:33:50.762Z,2023-04-29T11:33:58Z,4234212379,347,,4234212377,56,Back,4234212385,233,22,,,,,,,,,,,,,,,,40drqeciuqe2j07g5cnc6xf55,T. Hinds,,,,,,,,,,,,,,,,,,,,,,,,,,
2540577107,28,1,1,2,38,mjejb0x57ms54j9ry6s8njwh,1,31.2,100,2023-04-29T11:33:58.273Z,2023-04-29T11:34:02Z,4234212487,140,47.3,4234212489,141,91.8,4234212483,107,,4234212485,56,Back,4234212493,213,5.9,4234212491,212,18.1,,,,,,,40drqeciuqe2j07g5cnc6xf55,T. Hinds,,,,,,,,,,,,,,,,,,,,,,,,,,
2540577111,29,1,1,2,42,mjejb0x57ms54j9ry6s8njwh,0,45.7,98.3,2023-04-29T11:34:02.273Z,2023-04-29T11:34:09Z,4234212507,141,100.0,4234212509,212,5.4,4234212503,56,Left,4234212505,140,50.2,4234212511,213,0.5,,,,,,,,,,dw593ezeekrbzlc2qhtc805p1,K. Stengel,,,,,,,,,,,,,,,,,,,,,,,,,,
2540577293,23,5,1,2,42,28u3q82ip96ahymkup01vfxli,1,55.1,-1.7,2023-04-29T11:34:02.599Z,2023-04-29T11:36:05Z,4234213503,347,,4234213531,233,30,4234213501,56,Right,,,,,,,,,,,,,,,,7f7tbbjqhhyydjj4wurm28xcl,H. Cain,,,,,,,,,,,,,,,,,,,,,,,,,,
2540577115,30,5,1,2,42,mjejb0x57ms54j9ry6s8njwh,0,44.9,101.7,2023-04-29T11:34:02.599Z,2023-04-29T11:34:23Z,4234213551,233,23,4234212529,56,Back,4234212533,347,,,,,,,,,,,,,,,,,dw593ezeekrbzlc2qhtc805p1,K. Stengel,,,,,,,,,,,,,,,,,,,,,,,,,,
2540577331,24,1,1,3,2,28u3q82ip96ahymkup01vfxli,1,61,0,2023-04-29T11:34:22.559Z,2023-04-29T11:34:25Z,4234213715,140,73.9,4234213721,213,0.4,4234213719,212,14.7,4234213717,141,7.1,4234213711,107,,4234213713,56,Right,,,,,,,6k1s7y9dnzdpppppdco7bgudx,C. Bott,,,,,,,,,,,,,,,,,,,,,,,,,,
2540577335,25,61,1,3,5,28u3q82ip96ahymkup01vfxli,0,73.9,7.1,2023-04-29T11:34:25.695Z,2023-04-29T11:34:26Z,4234213729,56,Right,,,,,,,,,,,,,,,,,,,,,,c7giuh90mnvajsobobcbx4ley,C. Jones,,,,,,,,,,,,,,,,,,,,,,,,,,
2540577365,31,1,1,3,6,mjejb0x57ms54j9ry6s8njwh,1,23.9,88.6,2023-04-29T11:34:26.809Z,2023-04-29T11:34:27Z,4234213887,141,93.6,4234213889,212,5.1,4234213883,56,Back,4234213885,140,20.3,4234213891,213,2.4,,,,,,,,,,efvcf4syatkaw5fbo37i5hat,F. Nagano,,,,,,,,,,,,,,,,,,,,,,,,,,
2540577369,32,49,1,3,7,mjejb0x57ms54j9ry6s8njwh,1,20.3,93.6,2023-04-29T11:34:27.721Z,2023-04-29T11:34:28Z,,,,,,,,,,,,,,,,,,,,,,,,,871cll4se1mtci0na61o632dx,J. Matthews,,,,,,,,,,,,,,,,,,,,,,,,,,
2540577433,33,1,1,3,8,mjejb0x57ms54j9ry6s8njwh,1,20.3,95.9,2023-04-29T11:34:28.497Z,2023-04-29T11:34:32Z,4234214203,1,,4234214191,157,,4234214199,212,28.9,4234214201,213,6.1,4234214195,140,47.2,4234214197,141,87.2,4234214193,56,Back,,,,871cll4se1mtci0na61o632dx,J. Matthews,,,,,,,,,,,,,,,,,,,,,,,,,,
2540577447,34,1,1,3,12,mjejb0x57ms54j9ry6s8njwh,1,47.2,86.9,2023-04-29T11:34:32.456Z,2023-04-29T11:34:33Z,4234214247,140,43.0,4234214249,141,72.0,4234214245,56,Back,4234214253,213,4.3,4234214251,212,11.1,,,,,,,,,,1bpq54voea3pt7n7ppzoyvvth,N. Dowie,,,,,,,,,,,,,,,,,,,,,,,,,,
2540577455,35,1,1,3,13,mjejb0x57ms54j9ry6s8njwh,0,43,72,2023-04-29T11:34:33.241Z,2023-04-29T11:34:33Z,4234214287,141,72.6,4234214289,212,17.4,4234214283,56,Center,4234214285,140,59.6,4234214291,213,0.0,,,,,,,,,,brppytuf1766c50274dkue5pm,M. Kearns,,,,,,,,,,,,,,,,,,,,,,,,,,
2540577473,26,8,1,3,15,28u3q82ip96ahymkup01vfxli,1,45.3,38.6,2023-04-29T11:34:34.974Z,2023-04-29T11:34:35Z,4234214357,56,Back,,,,,,,,,,,,,,,,,,,,,,8hmqpyniap0whyfhco0dhp3v9,A. Plumptre,,,,,,,,,,,,,,,,,,,,,,,,,,
2540577485,36,50,1,3,16,mjejb0x57ms54j9ry6s8njwh,1,54.8,63.4,2023-04-29T11:34:35.945Z,2023-04-29T11:34:38Z,4234214571,233,27,4234214415,286,,4234214413,56,Center,,,,,,,,,,,,,,,,brppytuf1766c50274dkue5pm,M. Kearns,,,,,,,,,,,,,,,,,,,,,,,,,,
2540577505,27,7,1,3,16,28u3q82ip96ahymkup01vfxli,1,45.2,36.6,2023-04-29T11:34:35.946Z,2023-04-29T11:34:38Z,4234214517,56,Back,4234214519,285,,4234214541,233,36,,,,,,,,,,,,,,,,60q198d41n3y887jeiezr850q,R. Mace,,,,,,,,,,,,,,,,,,,,,,,,,,
2540577511,28,49,1,3,17,28u3q82ip96ahymkup01vfxli,1,45.9,35.1,2023-04-29T11:34:37.639Z,2023-04-29T11:34:37Z,,,,,,,,,,,,,,,,,,,,,,,,,60q198d41n3y887jeiezr850q,R. Mace,,,,,,,,,,,,,,,,,,,,,,,,,,
2540577525,29,4,1,3,18,28u3q82ip96ahymkup01vfxli,1,45.4,32.3,2023-04-29T11:34:38.760Z,2023-04-29T11:34:47Z,4234214607,56,Back,4234215139,152,,4234214609,286,,4234215141,265,,4234215149,233,37,4234215137,13,,,,,,,,60q198d41n3y887jeiezr850q,R. Mace,,,,,,,,,,,,,,,,,,,,,,,,,,
2540577595,37,4,1,3,18,mjejb0x57ms54j9ry6s8njwh,0,54.6,67.7,2023-04-29T11:34:38.761Z,2023-04-29T11:34:47Z,4234214925,13,,4234215153,233,29,4234214931,265,,4234214927,56,Center,4234214929,152,,4234214933,285,,,,,,,,brppytuf1766c50274dkue5pm,M. Kearns,,,,,,,,,,,,,,,,,,,,,,,,,,
2540577689,30,1,1,3,31,28u3q82ip96ahymkup01vfxli,1,43.7,29.7,2023-04-29T11:34:51.159Z,2023-04-29T11:34:51Z,4234215413,140,54.2,4234215417,212,11.1,4234215409,152,,4234215415,141,31.6,4234215411,56,Center,4234215419,213,0.1,4234215407,5,,,,,8hmqpyniap0whyfhco0dhp3v9,A. Plumptre,,,,,,,,,,,,,,,,,,,,,,,,,,
2540577717,31,1,1,3,31,28u3q82ip96ahymkup01vfxli,1,54.2,31.6,2023-04-29T11:34:51.863Z,2023-04-29T11:34:54Z,4234215555,140,39.9,4234215565,213,3.2,4234215557,141,31.0,4234215561,212,15.0,4234215553,56,Back,,,,,,,,,,60q198d41n3y887jeiezr850q,R. Mace,,,,,,,,,,,,,,,,,,,,,,,,,,
2540577751,32,1,1,3,34,28u3q82ip96ahymkup01vfxli,1,43.1,25.3,2023-04-29T11:34:54.199Z,2023-04-29T11:34:57Z,4234215725,140,59.4,4234215723,56,Right,4234215731,212,21.7,4234215729,141,5.6,4234215733,213,5.6,,,,,,,,,,8hmqpyniap0whyfhco0dhp3v9,A. Plumptre,,,,,,,,,,,,,,,,,,,,,,,,,,
2540577779,33,1,1,3,36,28u3q82ip96ahymkup01vfxli,0,60.1,4.9,2023-04-29T11:34:56.903Z,2023-04-29T11:34:59Z,4234215843,213,0.1,4234215833,56,Right,4234215841,212,20.6,4234215839,141,7.7,4234215835,140,79.6,,,,,,,,,,6k1s7y9dnzdpppppdco7bgudx,C. Bott,,,,,,,,,,,,,,,,,,,,,,,,,,
2540577775,38,49,1,3,38,mjejb0x57ms54j9ry6s8njwh,1,25.1,87.5,2023-04-29T11:34:58.681Z,2023-04-29T11:34:58Z,,,,,,,,,,,,,,,,,,,,,,,,,40drqeciuqe2j07g5cnc6xf55,T. Hinds,,,,,,,,,,,,,,,,,,,,,,,,,,
2540577825,39,1,1,3,41,mjejb0x57ms54j9ry6s8njwh,1,13.5,95.7,2023-04-29T11:35:01.473Z,2023-04-29T11:35:03Z,4234216055,140,26.2,4234216059,212,13.4,4234216057,141,93.3,4234216053,56,Back,4234216061,213,6.2,,,,,,,,,,40drqeciuqe2j07g5cnc6xf55,T. Hinds,,,,,,,,,,,,,,,,,,,,,,,,,,
2540577875,40,1,1,3,43,mjejb0x57ms54j9ry6s8njwh,1,24.3,93,2023-04-29T11:35:03.145Z,2023-04-29T11:35:07Z,4234216375,141,81.7,4234216373,140,37.8,4234216371,56,Back,4234216379,213,5.8,4234216377,212,16.1,,,,,,,,,,9v895fdc1blaaboscv14vp149,C. Holland,,,,,,,,,,,,,,,,,,,,,,,,,,
2540577889,41,4,1,3,47,mjejb0x57ms54j9ry6s8njwh,1,41.4,82.4,2023-04-29T11:35:06.945Z,2023-04-29T11:36:00Z,4234219859,233,35,4234216423,56,Back,4234217259,286,,4234217255,295,,4234217253,13,,4234217257,152,,,,,,,,dw593ezeekrbzlc2qhtc805p1,K. Stengel,,,,,,,,,,,,,,,,,,,,,,,,,,
2540578021,35,4,1,3,47,28u3q82ip96ahymkup01vfxli,0,58.6,17.6,2023-04-29T11:35:06.946Z,2023-04-29T11:36:00Z,4234219877,233,41,4234217055,56,Right,4234217067,285,,4234217743,295,,4234217059,152,,4234217051,13,,,,,,,,6k1s7y9dnzdpppppdco7bgudx,C. Bott,,,,,,,,,,,,,,,,,,,,,,,,,,
2540577891,34,43,1,3,47,28u3q82ip96ahymkup01vfxli,1,0,0,2023-04-29T11:35:07.790Z,2023-04-29T11:35:20Z,4234216439,56,Right,4234217247,144,8,,,,,,,,,,,,,,,,,,,8hmqpyniap0whyfhco0dhp3v9,A. Plumptre,,,,,,,,,,,,,,,,,,,,,,,,,,
2540578171,42,1,1,4,8,mjejb0x57ms54j9ry6s8njwh,0,33.3,91.1,2023-04-29T11:35:28.041Z,2023-04-29T11:35:36Z,4234217841,5,,4234217849,140,64.5,4234217851,141,93.4,4234217843,155,,4234217855,213,0.0,4234217847,56,Left,4234217857,1,,4234217853,212,32.8,871cll4se1mtci0na61o632dx,J. Matthews,,4234217845,152,,,,,,,,,,,,,,,,,,,,,,,
2540578177,36,8,1,4,10,28u3q82ip96ahymkup01vfxli,1,34.3,12.8,2023-04-29T11:35:30.231Z,2023-04-29T11:35:30Z,4234217879,56,Back,,,,,,,,,,,,,,,,,,,,,,6k1s7y9dnzdpppppdco7bgudx,C. Bott,,,,,,,,,,,,,,,,,,,,,,,,,,
2540578201,37,5,1,4,11,28u3q82ip96ahymkup01vfxli,0,30.6,-1.2,2023-04-29T11:35:31.641Z,2023-04-29T11:36:06Z,4234217987,347,,4234217985,56,Back,4234218293,233,43,,,,,,,,,,,,,,,,6k1s7y9dnzdpppppdco7bgudx,C. Bott,,,,,,,,,,,,,,,,,,,,,,,,,,
2540578245,43,5,1,4,11,mjejb0x57ms54j9ry6s8njwh,1,69.4,101.2,2023-04-29T11:35:31.641Z,2023-04-29T11:35:37Z,4234218283,233,37,4234218269,347,,4234218267,56,Left,,,,,,,,,,,,,,,,871cll4se1mtci0na61o632dx,J. Matthews,,,,,,,,,,,,,,,,,,,,,,,,,,
2540578349,44,1,1,4,20,mjejb0x57ms54j9ry6s8njwh,1,74.4,100,2023-04-29T11:35:40.289Z,2023-04-29T11:35:44Z,4234218807,107,,4234218811,140,55.4,4234218815,212,20.3,4234218809,56,Left,4234218817,213,3.3,4234218813,141,96.3,,,,,,,40drqeciuqe2j07g5cnc6xf55,T. Hinds,,,,,,,,,,,,,,,,,,,,,,,,,,
2540578399,45,1,1,4,24,mjejb0x57ms54j9ry6s8njwh,1,55.5,95.6,2023-04-29T11:35:44.769Z,2023-04-29T11:35:47Z,4234218981,141,86.0,4234218983,212,16.6,4234218985,213,5.9,4234218977,56,Left,4234218979,140,70.0,,,,,,,,,,871cll4se1mtci0na61o632dx,J. Matthews,,,,,,,,,,,,,,,,,,,,,,,,,,
2540578435,46,1,1,4,27,mjejb0x57ms54j9ry6s8njwh,1,67.5,85.3,2023-04-29T11:35:47.072Z,2023-04-29T11:35:49Z,4234219081,212,15.7,4234219083,213,2.6,4234219075,56,Left,4234219079,141,96.3,4234219077,140,54.4,,,,,,,,,,9v895fdc1blaaboscv14vp149,C. Holland,,,,,,,,,,,,,,,,,,,,,,,,,,
2540578515,47,1,1,4,29,mjejb0x57ms54j9ry6s8njwh,1,54.4,96.3,2023-04-29T11:35:49.248Z,2023-04-29T11:35:55Z,4234219479,141,98.0,4234219477,140,68.4,4234219483,213,0.1,4234219475,56,Left,4234219481,212,14.7,,,,,,,,,,871cll4se1mtci0na61o632dx,J. Matthews,,,,,,,,,,,,,,,,,,,,,,,,,,
2540578525,48,4,1,4,32,mjejb0x57ms54j9ry6s8njwh,1,68.8,96.4,2023-04-29T11:35:52.641Z,2023-04-29T11:35:55Z,4234219529,152,,4234219533,286,,4234219553,233,38,4234219525,13,,4234219531,265,,4234219527,56,Left,,,,,,,40drqeciuqe2j07g5cnc6xf55,T. Hinds,,,,,,,,,,,,,,,,,,,,,,,,,,
2540578509,38,4,1,4,32,28u3q82ip96ahymkup01vfxli,0,31.2,3.6,2023-04-29T11:35:52.642Z,2023-04-29T11:35:56Z,4234219455,152,,4234219457,265,,4234219453,56,Back,4234219451,13,,4234219587,233,48,4234219459,285,,,,,,,,9mfotw533oa5qs1muu2z8t8lx,J. Green,,,,,,,,,,,,,,,,,,,,,,,,,,
2540579025,49,1,1,5,5,mjejb0x57ms54j9ry6s8njwh,0,67.1,96,2023-04-29T11:36:25.832Z,2023-04-29T11:36:29Z,4234221997,212,31.2,4234221993,141,60.8,4234221985,155,,4234221983,5,,4234221987,152,,4234221991,140,86.2,4234221999,213,5.4,4234221989,56,Center,brppytuf1766c50274dkue5pm,M. Kearns,,,,,,,,,,,,,,,,,,,,,,,,,,
2540579049,39,12,1,5,9,28u3q82ip96ahymkup01vfxli,1,8.8,41.3,2023-04-29T11:36:29.310Z,2023-04-29T11:37:14Z,4234222105,213,3.7,4234222103,212,12.5,4234222139,167,,4234222101,141,31.5,4234222099,140,0.0,4234222097,56,Back,,,,,,,60q198d41n3y887jeiezr850q,R. Mace,,,,,,,,,,,,,,,,,,,,,,,,,,
2540579055,40,6,1,5,10,28u3q82ip96ahymkup01vfxli,0,6.2,35.4,2023-04-29T11:36:30.072Z,2023-04-29T11:39:33Z,4234222125,73,,4234222199,233,50,4234222123,56,Back,,,,,,,,,,,,,,,,60q198d41n3y887jeiezr850q,R. Mace,,,,,,,,,,,,,,,,,,,,,,,,,,
2540579067,50,6,1,5,10,mjejb0x57ms54j9ry6s8njwh,1,93.8,64.6,2023-04-29T11:36:30.072Z,2023-04-29T11:36:32Z,4234222193,73,,4234222191,56,Center,4234222195,233,40,,,,,,,,,,,,,,,,brppytuf1766c50274dkue5pm,M. Kearns,,,,,,,,,,,,,,,,,,,,,,,,,,
2540579385,51,1,1,5,29,mjejb0x57ms54j9ry6s8njwh,1,99.5,99.5,2023-04-29T11:36:49.497Z,2023-04-29T11:36:52Z,4234223649,213,3.8,4234223641,56,Center,4234223645,141,78.4,4234223647,212,23.7,4234223639,6,,4234223643,140,81.5,,,,,,,40drqeciuqe2j07g5cnc6xf55,T. Hinds,,,,,,,,,,,,,,,,,,,,,,,,,,
2540579393,52,1,1,5,32,mjejb0x57ms54j9ry6s8njwh,0,81.5,78.4,2023-04-29T11:36:52.584Z,2023-04-29T11:36:53Z,4234223703,212,17.4,4234223697,56,Center,4234223699,140,87.2,4234223701,141,54.3,4234223695,155,,4234223705,213,5.1,,,,,,,xhbmqvlmvk0gguvc9u806itx,S. van de Sanden,,,,,,,,,,,,,,,,,,,,,,,,,,
2540579465,41,12,1,5,34,28u3q82ip96ahymkup01vfxli,1,10.7,47.9,2023-04-29T11:36:54.198Z,2023-04-29T11:36:57Z,4234224035,141,57.8,4234224031,56,Back,4234224037,212,12.6,4234224039,213,0.6,4234224033,140,20.8,,,,,,,,,,d3qtg5xhiwe3zamb4mh50whjp,S. Howard,,,,,,,,,,,,,,,,,,,,,,,,,,
2540579451,53,1,1,5,36,mjejb0x57ms54j9ry6s8njwh,0,75.2,49.6,2023-04-29T11:36:56.128Z,2023-04-29T11:36:57Z,4234224003,140,93.4,4234224007,212,19.2,4234224005,141,46.4,4234224009,213,6.2,4234224001,56,Center,4234223999,155,,,,,,,,brppytuf1766c50274dkue5pm,M. Kearns,,,,,,,,,,,,,,,,,,,,,,,,,,
2540579585,42,12,1,5,37,28u3q82ip96ahymkup01vfxli,1,7.6,61.7,2023-04-29T11:36:57.471Z,2023-04-29T11:37:08Z,4234224705,140,38.4,4234224711,213,5.5,4234224707,141,11.0,4234224709,212,47.3,4234224703,56,Back,,,,,,,,,,60q198d41n3y887jeiezr850q,R. Mace,,,,,,,,,,,,,,,,,,,,,,,,,,
2540579579,54,1,1,5,43,mjejb0x57ms54j9ry6s8njwh,1,63.1,83,2023-04-29T11:37:03.232Z,2023-04-29T11:37:08Z,4234224665,141,63.0,4234224661,56,Back,4234224669,213,3.8,4234224667,212,23.7,4234224663,140,44.6,,,,,,,,,,40drqeciuqe2j07g5cnc6xf55,T. Hinds,,,,,,,,,,,,,,,,,,,,,,,,,,
2540579597,55,1,1,5,46,mjejb0x57ms54j9ry6s8njwh,0,44.6,63,2023-04-29T11:37:06.336Z,2023-04-29T11:37:54Z,4234224779,56,Left,4234224785,141,85.0,4234224783,140,79.2,4234224787,212,39.3,4234224777,157,,4234224791,1,,4234224789,213,0.4,,,,2wv3bsfv3jh5ar8xw97lpxr6d,E. Koivisto,,,,,,,,,,,,,,,,,,,,,,,,,,
2540579633,43,1,1,5,48,28u3q82ip96ahymkup01vfxli,0,26.6,20,2023-04-29T11:37:08.670Z,2023-04-29T11:37:11Z,4234224979,213,5.4,4234224971,56,Back,4234224969,3,,4234224975,141,0.0,4234224977,212,18.4,4234224973,140,37.6,,,,,,,6k1s7y9dnzdpppppdco7bgudx,C. Bott,,,,,,,,,,,,,,,,,,,,,,,,,,
2540579635,44,5,1,5,50,28u3q82ip96ahymkup01vfxli,0,35.2,-1.4,2023-04-29T11:37:10.639Z,2023-04-29T11:39:34Z,4234225057,233,56,4234224983,347,,4234224981,56,Back,,,,,,,,,,,,,,,,6k1s7y9dnzdpppppdco7bgudx,C. Bott,,,,,,,,,,,,,,,,,,,,,,,,,,
2540579639,56,5,1,5,50,mjejb0x57ms54j9ry6s8njwh,1,64.8,101.4,2023-04-29T11:37:10.639Z,2023-04-29T11:37:12Z,4234225001,347,,4234225051,233,44,4234224999,56,Left,,,,,,,,,,,,,,,,9v895fdc1blaaboscv14vp149,C. Holland,,,,,,,,,,,,,,,,,,,,,,,,,,
2540579777,57,1,1,6,2,mjejb0x57ms54j9ry6s8njwh,1,66.7,100,2023-04-29T11:37:21.984Z,2023-04-29T11:37:23Z,4234225771,107,,4234225779,212,15.2,4234225781,213,5.9,4234225775,140,80.2,4234225773,56,Left,4234225777,141,93.5,,,,,,,40drqeciuqe2j07g5cnc6xf55,T. Hinds,,,,,,,,,,,,,,,,,,,,,,,,,,
2540579801,58,1,1,6,3,mjejb0x57ms54j9ry6s8njwh,0,80.2,93.5,2023-04-29T11:37:23.592Z,2023-04-29T11:37:25Z,4234225913,56,Left,4234225919,212,10.6,4234225917,141,90.9,4234225921,213,3.3,4234225915,140,70.2,,,,,,,,,,9v895fdc1blaaboscv14vp149,C. Holland,,,,,,,,,,,,,,,,,,,,,,,,,,
2540579815,45,49,1,6,5,28u3q82ip96ahymkup01vfxli,1,26.5,7.9,2023-04-29T11:37:25.326Z,2023-04-29T11:37:25Z,,,,,,,,,,,,,,,,,,,,,,,,,9mfotw533oa5qs1muu2z8t8lx,J. Green,,,,,,,,,,,,,,,,,,,,,,,,,,
2540579921,46,1,1,6,6,28u3q82ip96ahymkup01vfxli,1,26.5,7.9,2023-04-29T11:37:26.023Z,2023-04-29T11:37:31Z,4234226473,213,0.6,4234226469,141,18.2,4234226467,140,37.2,4234226471,212,13.2,4234226465,56,Back,,,,,,,,,,9mfotw533oa5qs1muu2z8t8lx,J. Green,,,,,,,,,,,,,,,,,,,,,,,,,,
2540579931,47,4,1,6,9,28u3q82ip96ahymkup01vfxli,1,40.4,22.6,2023-04-29T11:37:29.223Z,2023-04-29T11:37:32Z,4234226527,233,59,4234226515,152,,4234226513,56,Back,4234226517,265,,4234226511,13,,4234226519,286,,,,,,,,7f7tbbjqhhyydjj4wurm28xcl,H. Cain,,,,,,,,,,,,,,,,,,,,,,,,,,
2540579925,59,4,1,6,9,mjejb0x57ms54j9ry6s8njwh,0,59.6,77.4,2023-04-29T11:37:29.224Z,2023-04-29T11:37:32Z,4234226485,13,,4234226493,285,,4234226487,56,Center,4234226491,265,,4234226489,152,,4234226557,233,47,,,,,,,871cll4se1mtci0na61o632dx,J. Matthews,,,,,,,,,,,,,,,,,,,,,,,,,,
2540580003,48,1,1,6,15,28u3q82ip96ahymkup01vfxli,1,40.8,32.5,2023-04-29T11:37:35.862Z,2023-04-29T11:37:37Z,4234226839,56,Back,4234226847,213,0.6,4234226843,141,38.9,4234226845,212,7.2,4234226841,140,46.3,4234226837,152,,4234226833,5,,4234226835,155,,7f7tbbjqhhyydjj4wurm28xcl,H. Cain,,,,,,,,,,,,,,,,,,,,,,,,,,
2540580009,49,61,1,6,17,28u3q82ip96ahymkup01vfxli,1,46.3,38.9,2023-04-29T11:37:37.614Z,2023-04-29T11:37:37Z,4234226871,56,Back,,,,,,,,,,,,,,,,,,,,,,c7giuh90mnvajsobobcbx4ley,C. Jones,,,,,,,,,,,,,,,,,,,,,,,,,,
2540580015,60,49,1,6,18,mjejb0x57ms54j9ry6s8njwh,1,44.4,44.9,2023-04-29T11:37:38.455Z,2023-04-29T11:37:38Z,,,,,,,,,,,,,,,,,,,,,,,,,brppytuf1766c50274dkue5pm,M. Kearns,,,,,,,,,,,,,,,,,,,,,,,,,,
2540580057,61,1,1,6,18,mjejb0x57ms54j9ry6s8njwh,1,44.4,44.9,2023-04-29T11:37:38.567Z,2023-04-29T11:37:40Z,4234227081,56,Center,4234227087,141,44.5,4234227091,212,14.2,4234227093,213,6.3,4234227085,140,57.9,,,,,,,,,,brppytuf1766c50274dkue5pm,M. Kearns,,,,,,,,,,,,,,,,,,,,,,,,,,
2540580113,62,1,1,6,20,mjejb0x57ms54j9ry6s8njwh,1,58.4,39.7,2023-04-29T11:37:40.817Z,2023-04-29T11:37:44Z,4234227371,213,4.8,4234227369,212,18.1,4234227365,140,60.0,4234227363,56,Right,4234227367,141,13.2,,,,,,,,,,1bpq54voea3pt7n7ppzoyvvth,N. Dowie,,,,,,,,,,,,,,,,,,,,,,,,,,
2540580121,63,61,1,6,24,mjejb0x57ms54j9ry6s8njwh,0,63.6,18.5,2023-04-29T11:37:44.231Z,2023-04-29T11:37:44Z,4234227411,56,Right,,,,,,,,,,,,,,,,,,,,,,2wv3bsfv3jh5ar8xw97lpxr6d,E. Koivisto,,,,,,,,,,,,,,,,,,,,,,,,,,
2540580139,50,49,1,6,25,28u3q82ip96ahymkup01vfxli,1,36,80,2023-04-29T11:37:45.294Z,2023-04-29T11:37:45Z,,,,,,,,,,,,,,,,,,,,,,,,,7f7tbbjqhhyydjj4wurm28xcl,H. Cain,,,,,,,,,,,,,,,,,,,,,,,,,,
2540580197,51,1,1,6,29,28u3q82ip96ahymkup01vfxli,1,44.1,96.3,2023-04-29T11:37:49.038Z,2023-04-29T11:37:50Z,4234227781,212,13.3,4234227775,56,Left,4234227783,213,5.7,4234227777,140,54.5,4234227779,141,85.1,,,,,,,,,,7f7tbbjqhhyydjj4wurm28xcl,H. Cain,,,,,,,,,,,,,,,,,,,,,,,,,,
2540580231,52,1,1,6,30,28u3q82ip96ahymkup01vfxli,1,54.5,85.1,2023-04-29T11:37:50.830Z,2023-04-29T11:37:54Z,4234228007,56,Back,4234228011,140,42.3,4234228015,212,13.4,4234228017,213,2.8,4234228013,141,90.8,,,,,,,,,,2xphfksgb05a8z4e9328mywvd,R. Siemsen,,,,,,,,,,,,,,,,,,,,,,,,,,
2540580343,53,1,1,6,34,28u3q82ip96ahymkup01vfxli,1,42.1,90,2023-04-29T11:37:53.958Z,2023-04-29T11:38:00Z,4234228509,1,,4234228501,140,55.2,4234228499,56,Center,4234228507,213,5.0,4234228503,141,25.8,4234228497,196,,4234228505,212,45.8,,,,4r1z04gidueqs684yxeyrq8ve,C. Nevin,,,,,,,,,,,,,,,,,,,,,,,,,,
2540580425,54,1,1,6,40,28u3q82ip96ahymkup01vfxli,1,61.5,36.3,2023-04-29T11:38:00.222Z,2023-04-29T11:38:05Z,4234228921,213,1.8,4234228915,140,57.4,4234228913,56,Center,4234228917,141,60.6,4234228919,212,17.1,,,,,,,,,,6k1s7y9dnzdpppppdco7bgudx,C. Bott,,,,,,,,,,,,,,,,,,,,,,,,,,
2540580449,55,1,1,6,44,28u3q82ip96ahymkup01vfxli,1,58.5,62.9,2023-04-29T11:38:04.910Z,2023-04-29T11:38:07Z,4234229065,212,30.4,4234229059,56,Left,4234229063,141,94.4,4234229067,213,0.8,4234229061,140,79.1,,,,,,,,,,8hmqpyniap0whyfhco0dhp3v9,A. Plumptre,,,,,,,,,,,,,,,,,,,,,,,,,,
2540580503,56,1,1,6,47,28u3q82ip96ahymkup01vfxli,1,78.9,92.7,2023-04-29T11:38:07.814Z,2023-04-29T11:38:11Z,4234229363,213,4.7,4234229359,212,38.5,4234229367,1,,4234229333,2,,4234229337,155,,4234229341,56,Center,4234229353,141,36.1,4234229347,140,78.2,4r1z04gidueqs684yxeyrq8ve,C. Nevin,,,,,,,,,,,,,,,,,,,,,,,,,,
2540580515,57,1,1,6,51,28u3q82ip96ahymkup01vfxli,1,78.2,36.3,2023-04-29T11:38:11.790Z,2023-04-29T11:38:13Z,4234229411,140,77.8,4234229419,213,4.6,4234229405,3,,4234229407,56,Center,4234229417,212,4.2,4234229415,141,30.1,,,,,,,60q198d41n3y887jeiezr850q,R. Mace,,,,,,,,,,,,,,,,,,,,,,,,,,
2540580567,58,1,1,6,52,28u3q82ip96ahymkup01vfxli,1,77.8,30.1,2023-04-29T11:38:12.894Z,2023-04-29T11:38:30Z,4234229673,212,10.5,4234229667,56,Center,4234229675,213,6.3,4234229669,140,87.8,4234230583,210,13,4234229671,141,29.8,4234230585,154,,,,,9mfotw533oa5qs1muu2z8t8lx,J. Green,1,,,,,,,,,,,,,,,,,,,,,,,,,
2540580571,59,13,1,6,55,28u3q82ip96ahymkup01vfxli,1,90.9,29.8,2023-04-29T11:38:15.606Z,2023-04-29T11:38:30Z,4234230615,328,,4234229695,56,Center,4234229687,22,,4234229691,63,,4234230611,102,43.2,4234230603,29,,4234230607,55,58,4234230617,230,97.6,60q198d41n3y887jeiezr850q,R. Mace,,4234230613,103,4234230601,84,,4234230619,231,16.7,4234230605,154,4234230005,20,,,,,,,,,,,43.1,,
2540580595,60,5,1,6,57,28u3q82ip96ahymkup01vfxli,0,101.1,42.4,2023-04-29T11:38:16.919Z,2023-04-29T11:39:35Z,4234229813,56,Center,4234229845,233,64,4234229815,346,,,,,,,,,,,,,,,,,60q198d41n3y887jeiezr850q,R. Mace,,,,,,,,,,,,,,,,,,,,,,,,,,
2540580585,64,5,1,6,57,mjejb0x57ms54j9ry6s8njwh,1,-1.1,57.6,2023-04-29T11:38:16.919Z,2023-04-29T11:38:17Z,4234229841,233,60,4234229767,56,Back,4234229769,346,,,,,,,,,,,,,,,,,40drqeciuqe2j07g5cnc6xf55,T. Hinds,,,,,,,,,,,,,,,,,,,,,,,,,,
2540580993,65,1,1,7,19,mjejb0x57ms54j9ry6s8njwh,0,5.5,49.7,2023-04-29T11:38:39.712Z,2023-04-29T11:38:42Z,4234231521,213,0.2,4234231519,212,43.9,4234231511,155,,4234231515,140,46.5,4234231523,1,,4234231509,124,,4234231517,141,62.7,4234231525,74,,cn8ti0qxxvg0z0vvmwkocggr9,R. Laws,,4234231513,56,,,,,,Back,,,,,,,,,,,,,,,,,
2540581121,61,1,1,7,23,28u3q82ip96ahymkup01vfxli,1,56.3,38.5,2023-04-29T11:38:43.806Z,2023-04-29T11:38:48Z,4234232039,213,0.9,4234232031,56,Center,4234232035,141,56.6,4234232037,212,16.3,4234232029,3,,4234232033,140,66.5,,,,,,,8hmqpyniap0whyfhco0dhp3v9,A. Plumptre,,,,,,,,,,,,,,,,,,,,,,,,,,
2540581125,62,50,1,7,26,28u3q82ip96ahymkup01vfxli,1,67,48.3,2023-04-29T11:38:46.494Z,2023-04-29T11:38:49Z,4234232095,233,66,4234232055,56,Center,4234232057,286,,,,,,,,,,,,,,,,,7m31qpkmuh3amb6navttdlvpx,A. Whelan,,,,,,,,,,,,,,,,,,,,,,,,,,
2540581089,66,7,1,7,26,mjejb0x57ms54j9ry6s8njwh,1,33,51.7,2023-04-29T11:38:46.495Z,2023-04-29T11:38:49Z,4234231927,56,Back,4234231929,285,,4234232083,233,62,,,,,,,,,,,,,,,,9v895fdc1blaaboscv14vp149,C. Holland,,,,,,,,,,,,,,,,,,,,,,,,,,
2540581099,67,49,1,7,27,mjejb0x57ms54j9ry6s8njwh,1,31.5,57.8,2023-04-29T11:38:47.087Z,2023-04-29T11:38:47Z,,,,,,,,,,,,,,,,,,,,,,,,,9v895fdc1blaaboscv14vp149,C. Holland,,,,,,,,,,,,,,,,,,,,,,,,,,
2540581113,68,1,1,7,27,mjejb0x57ms54j9ry6s8njwh,0,31.5,57.8,2023-04-29T11:38:47.263Z,2023-04-29T11:38:48Z,4234232005,212,8.9,4234231999,56,Back,4234232009,213,5.9,4234232001,140,39.5,4234232003,141,53.3,,,,,,,,,,9v895fdc1blaaboscv14vp149,C. Holland,,,,,,,,,,,,,,,,,,,,,,,,,,
2540581153,63,49,1,7,30,28u3q82ip96ahymkup01vfxli,1,57.2,40.4,2023-04-29T11:38:50.366Z,2023-04-29T11:38:50Z,,,,,,,,,,,,,,,,,,,,,,,,,60q198d41n3y887jeiezr850q,R. Mace,,,,,,,,,,,,,,,,,,,,,,,,,,
2540581201,64,1,1,7,30,28u3q82ip96ahymkup01vfxli,1,57.2,40.4,2023-04-29T11:38:50.494Z,2023-04-29T11:38:52Z,4234232385,141,34.8,4234232383,140,54.6,4234232389,213,4.1,4234232387,212,4.7,4234232381,56,Center,,,,,,,,,,60q198d41n3y887jeiezr850q,R. Mace,,,,,,,,,,,,,,,,,,,,,,,,,,
2540581247,65,1,1,7,32,28u3q82ip96ahymkup01vfxli,1,56.6,35.2,2023-04-29T11:38:52.822Z,2023-04-29T11:38:56Z,4234232599,213,1.1,4234232591,56,Left,4234232589,155,,4234232601,1,,4234232593,140,74.0,4234232597,212,39.9,4234232595,141,87.4,,,,d3qtg5xhiwe3zamb4mh50whjp,S. Howard,,,,,,,,,,,,,,,,,,,,,,,,,,
2540581269,66,1,1,7,36,28u3q82ip96ahymkup01vfxli,1,74.3,87.4,2023-04-29T11:38:56.342Z,2023-04-29T11:38:58Z,4234232695,212,15.8,4234232697,213,3.8,4234232693,141,72.4,4234232689,56,Center,4234232691,140,62.8,,,,,,,,,,c7giuh90mnvajsobobcbx4ley,C. Jones,,,,,,,,,,,,,,,,,,,,,,,,,,
2540581277,67,50,1,7,38,28u3q82ip96ahymkup01vfxli,1,64.7,77.6,2023-04-29T11:38:58.142Z,2023-04-29T11:38:59Z,4234232717,56,Center,4234232745,233,69,4234232719,286,,,,,,,,,,,,,,,,,60q198d41n3y887jeiezr850q,R. Mace,,,,,,,,,,,,,,,,,,,,,,,,,,
2540581273,69,7,1,7,38,mjejb0x57ms54j9ry6s8njwh,1,35.3,22.4,2023-04-29T11:38:58.143Z,2023-04-29T11:38:59Z,4234232713,56,Back,4234232715,285,,4234232739,233,67,,,,,,,,,,,,,,,,brppytuf1766c50274dkue5pm,M. Kearns,,,,,,,,,,,,,,,,,,,,,,,,,,
2540581281,70,49,1,7,38,mjejb0x57ms54j9ry6s8njwh,1,32,19.7,2023-04-29T11:38:58.659Z,2023-04-29T11:38:59Z,,,,,,,,,,,,,,,,,,,,,,,,,brppytuf1766c50274dkue5pm,M. Kearns,,,,,,,,,,,,,,,,,,,,,,,,,,
2540581321,71,1,1,7,39,mjejb0x57ms54j9ry6s8njwh,1,32,20.1,2023-04-29T11:38:59.255Z,2023-04-29T11:39:02Z,4234232877,140,38.2,4234232879,141,6.2,4234232875,56,Back,4234232883,213,5.3,4234232881,212,11.5,,,,,,,,,,brppytuf1766c50274dkue5pm,M. Kearns,,,,,,,,,,,,,,,,,,,,,,,,,,
2540581423,72,1,1,7,42,mjejb0x57ms54j9ry6s8njwh,1,46.9,9.8,2023-04-29T11:39:02.623Z,2023-04-29T11:39:09Z,4234233397,212,40.7,4234233393,140,66.4,4234233395,141,61.5,4234233401,1,,4234233391,56,Center,4234233399,213,1.0,,,,,,,xhbmqvlmvk0gguvc9u806itx,S. van de Sanden,,,,,,,,,,,,,,,,,,,,,,,,,,
2540581435,73,50,1,7,49,mjejb0x57ms54j9ry6s8njwh,1,67,76.3,2023-04-29T11:39:09.045Z,2023-04-29T11:39:16Z,4234233509,233,68,4234233429,56,Center,4234233431,286,,,,,,,,,,,,,,,,,dw593ezeekrbzlc2qhtc805p1,K. Stengel,,,,,,,,,,,,,,,,,,,,,,,,,,
2540581441,68,7,1,7,49,28u3q82ip96ahymkup01vfxli,0,33,23.7,2023-04-29T11:39:09.046Z,2023-04-29T11:39:10Z,4234233445,285,,4234233443,56,Back,4234233483,233,73,,,,,,,,,,,,,,,,6k1s7y9dnzdpppppdco7bgudx,C. Bott,,,,,,,,,,,,,,,,,,,,,,,,,,
2540581619,74,1,1,7,57,mjejb0x57ms54j9ry6s8njwh,1,66.6,67.2,2023-04-29T11:39:17.095Z,2023-04-29T11:39:21Z,4234234323,155,,4234234331,212,40.7,4234234329,141,9.5,4234234327,140,76.8,4234234333,213,5.0,4234234335,1,,4234234325,56,Right,,,,dw593ezeekrbzlc2qhtc805p1,K. Stengel,,,,,,,,,,,,,,,,,,,,,,,,,,
2540581655,75,1,1,8,1,mjejb0x57ms54j9ry6s8njwh,0,80.8,7.3,2023-04-29T11:39:21.175Z,2023-04-29T11:39:23Z,4234234481,56,Center,4234234489,213,1.1,4234234491,1,,4234234477,2,,4234234487,212,33.2,4234234483,140,95.5,4234234485,141,50.6,4234234479,155,,2wv3bsfv3jh5ar8xw97lpxr6d,E. Koivisto,,,,,,,,,,,,,,,,,,,,,,,,,,
2540581675,69,52,1,8,4,28u3q82ip96ahymkup01vfxli,1,6.6,57.5,2023-04-29T11:39:24.286Z,2023-04-29T11:39:24Z,,,,,,,,,,,,,,,,,,,,,,,,,avud4qv9xovwlr2pxc8fcmiuh,J. Leitzig,,,,,,,,,,,,,,,,,,,,,,,,,,
2540581899,70,1,1,8,17,28u3q82ip96ahymkup01vfxli,0,13.8,50.7,2023-04-29T11:39:37.774Z,2023-04-29T11:39:40Z,4234235613,213,6.1,4234235615,1,,4234235609,141,38.8,4234235611,212,44.8,4234235605,56,Center,4234235677,189,,4234235603,199,,4234235607,140,55.8,avud4qv9xovwlr2pxc8fcmiuh,J. Leitzig,,,,,,,,,,,,,,,,,,,,,,,,,,
2540581951,76,8,1,8,21,mjejb0x57ms54j9ry6s8njwh,1,43.9,64.8,2023-04-29T11:39:41.097Z,2023-04-29T11:45:26Z,4234235853,56,Back,4234237459,189,,,,,,,,,,,,,,,,,,,,40drqeciuqe2j07g5cnc6xf55,T. Hinds,,,,,,,,,,,,,,,,,,,,,,,,,,
2540582033,71,1,1,8,21,28u3q82ip96ahymkup01vfxli,1,46.8,44.9,2023-04-29T11:39:41.134Z,2023-04-29T11:45:29Z,4234236267,213,5.3,4234236259,56,Right,4234236263,141,3.8,4234236265,212,32.8,4234236269,1,,4234236261,140,63.1,,,,,,,60q198d41n3y887jeiezr850q,R. Mace,,,,,,,,,,,,,,,,,,,,,,,,,,
2540582043,72,1,1,8,26,28u3q82ip96ahymkup01vfxli,0,67.8,3.8,2023-04-29T11:39:46.614Z,2023-04-29T11:39:49Z,4234236429,233,77,4234236433,286,,4234236331,140,70.8,4234236427,236,,4234236335,212,6.3,4234236333,141,11.9,4234236329,56,Right,4234236337,213,1.1,6k1s7y9dnzdpppppdco7bgudx,C. Bott,,,,,,,,,,,,,,,,,,,,,,,,,,
2540582057,77,74,1,8,26,mjejb0x57ms54j9ry6s8njwh,1,32.9,95,2023-04-29T11:39:46.615Z,2023-04-29T11:48:48Z,4234236435,233,72,4234236399,285,,4234236397,56,Back,,,,,,,,,,,,,,,,9v895fdc1blaaboscv14vp149,C. Holland,,,,,,,,,,,,,,,,,,,,,,,,,,
2540582503,73,5,1,8,28,28u3q82ip96ahymkup01vfxli,1,75,-1.7,2023-04-29T11:39:48.638Z,2023-04-29T11:40:21Z,4234238565,347,,4234238563,56,Right,4234238567,233,78,,,,,,,,,,,,,,,,6k1s7y9dnzdpppppdco7bgudx,C. Bott,,,,,,,,,,,,,,,,,,,,,,,,,,
2540582083,78,5,1,8,29,mjejb0x57ms54j9ry6s8njwh,0,25,101.7,2023-04-29T11:39:49.558Z,2023-04-29T11:40:22Z,4234236529,347,,4234238579,233,73,4234236525,56,Back,,,,,,,,,,,,,,,,9v895fdc1blaaboscv14vp149,C. Holland,,,,,,,,,,,,,,,,,,,,,,,,,,
2540582561,74,1,1,9,1,28u3q82ip96ahymkup01vfxli,1,78,0,2023-04-29T11:40:21.558Z,2023-04-29T11:40:25Z,4234238801,56,Right,4234238809,212,17.1,4234238803,140,92.5,4234238799,107,,4234238805,141,10.1,4234238811,213,0.5,,,,,,,6k1s7y9dnzdpppppdco7bgudx,C. Bott,,,,,,,,,,,,,,,,,,,,,,,,,,
2540582569,75,61,1,9,4,28u3q82ip96ahymkup01vfxli,0,92.5,10.1,2023-04-29T11:40:24.238Z,2023-04-29T11:42:02Z,4234238851,56,Right,,,,,,,,,,,,,,,,,,,,,,7f7tbbjqhhyydjj4wurm28xcl,H. Cain,,,,,,,,,,,,,,,,,,,,,,,,,,
2540582689,79,5,1,9,4,mjejb0x57ms54j9ry6s8njwh,1,9.3,101.2,2023-04-29T11:40:24.695Z,2023-04-29T11:40:35Z,4234239511,347,,4234239507,56,Back,4234239521,233,76,,,,,,,,,,,,,,,,40drqeciuqe2j07g5cnc6xf55,T. Hinds,,,,,,,,,,,,,,,,,,,,,,,,,,
2540582581,76,5,1,9,6,28u3q82ip96ahymkup01vfxli,0,90.7,-1.2,2023-04-29T11:40:26.494Z,2023-04-29T11:40:35Z,4234239529,233,79,4234238961,347,,4234238959,56,Right,,,,,,,,,,,,,,,,7f7tbbjqhhyydjj4wurm28xcl,H. Cain,,,,,,,,,,,,,,,,,,,,,,,,,,
2540582727,80,1,1,9,14,mjejb0x57ms54j9ry6s8njwh,0,12.9,100,2023-04-29T11:40:34.846Z,2023-04-29T11:40:37Z,4234239685,56,Back,4234239693,212,16.8,4234239687,140,24.6,4234239689,141,84.5,4234239695,213,5.5,4234239683,107,,,,,,,,40drqeciuqe2j07g5cnc6xf55,T. Hinds,,,,,,,,,,,,,,,,,,,,,,,,,,
2540582731,77,8,1,9,17,28u3q82ip96ahymkup01vfxli,1,78.8,12.9,2023-04-29T11:40:37.214Z,2023-04-29T11:40:37Z,4234239711,56,Right,,,,,,,,,,,,,,,,,,,,,,9mfotw533oa5qs1muu2z8t8lx,J. Green,,,,,,,,,,,,,,,,,,,,,,,,,,
2540582819,81,1,1,9,19,mjejb0x57ms54j9ry6s8njwh,0,23,66.1,2023-04-29T11:40:39.799Z,2023-04-29T11:40:42Z,4234240101,56,Back,4234240109,213,5.4,4234240107,212,25.1,4234240103,140,38.1,4234240105,141,37.4,,,,,,,,,,efvcf4syatkaw5fbo37i5hat,F. Nagano,,,,,,,,,,,,,,,,,,,,,,,,,,
2540582835,78,8,1,9,23,28u3q82ip96ahymkup01vfxli,1,62.7,77.3,2023-04-29T11:40:43.590Z,2023-04-29T11:40:43Z,4234240167,56,Center,,,,,,,,,,,,,,,,,,,,,,4r1z04gidueqs684yxeyrq8ve,C. Nevin,,,,,,,,,,,,,,,,,,,,,,,,,,
2540582889,82,1,1,9,26,mjejb0x57ms54j9ry6s8njwh,0,31.1,10.9,2023-04-29T11:40:46.350Z,2023-04-29T11:40:47Z,4234240459,56,Right,4234240463,141,14.1,4234240467,213,0.1,4234240461,140,60.8,4234240465,212,31.3,,,,,,,,,,2wv3bsfv3jh5ar8xw97lpxr6d,E. Koivisto,,,,,,,,,,,,,,,,,,,,,,,,,,
2540582921,79,1,1,9,28,28u3q82ip96ahymkup01vfxli,1,46.6,86,2023-04-29T11:40:48.670Z,2023-04-29T11:40:49Z,4234240591,140,50.5,4234240589,56,Left,4234240597,213,0.9,4234240593,141,93.3,4234240595,212,6.4,,,,,,,,,,d3qtg5xhiwe3zamb4mh50whjp,S. Howard,,,,,,,,,,,,,,,,,,,,,,,,,,
2540582927,80,49,1,9,29,28u3q82ip96ahymkup01vfxli,1,50.5,93.3,2023-04-29T11:40:49.693Z,2023-04-29T11:40:50Z,,,,,,,,,,,,,,,,,,,,,,,,,7m31qpkmuh3amb6navttdlvpx,A. Whelan,,,,,,,,,,,,,,,,,,,,,,,,,,
2540582963,81,1,1,9,30,28u3q82ip96ahymkup01vfxli,1,50.5,93.3,2023-04-29T11:40:50.102Z,2023-04-29T11:40:52Z,4234240781,141,83.0,4234240783,212,13.5,4234240785,213,5.7,4234240777,56,Left,4234240779,140,61.5,,,,,,,,,,7m31qpkmuh3amb6navttdlvpx,A. Whelan,,,,,,,,,,,,,,,,,,,,,,,,,,
2540582993,82,1,1,9,32,28u3q82ip96ahymkup01vfxli,1,63.4,86,2023-04-29T11:40:52.318Z,2023-04-29T11:40:54Z,4234240881,212,8.4,4234240883,213,1.6,4234240875,56,Left,4234240877,140,63.1,4234240879,141,98.3,,,,,,,,,,c7giuh90mnvajsobobcbx4ley,C. Jones,,,,,,,,,,,,,,,,,,,,,,,,,,
2540583003,83,1,1,9,34,28u3q82ip96ahymkup01vfxli,0,63.1,98.3,2023-04-29T11:40:54.334Z,2023-04-29T11:40:55Z,4234240947,56,Left,4234240949,140,54.2,4234240955,213,3.2,4234240953,212,9.4,4234240951,141,97.2,,,,,,,,,,4r1z04gidueqs684yxeyrq8ve,C. Nevin,,,,,,,,,,,,,,,,,,,,,,,,,,
2540583019,83,49,1,9,36,mjejb0x57ms54j9ry6s8njwh,1,41.2,23.1,2023-04-29T11:40:56.006Z,2023-04-29T11:40:56Z,,,,,,,,,,,,,,,,,,,,,,,,,xhbmqvlmvk0gguvc9u806itx,S. van de Sanden,,,,,,,,,,,,,,,,,,,,,,,,,,
2540583073,84,1,1,9,38,mjejb0x57ms54j9ry6s8njwh,1,66,9.8,2023-04-29T11:40:58.382Z,2023-04-29T11:41:00Z,4234241319,213,1.5,4234241317,212,12.6,4234241311,56,Center,4234241313,140,67.1,4234241315,141,28.2,,,,,,,,,,xhbmqvlmvk0gguvc9u806itx,S. van de Sanden,,,,,,,,,,,,,,,,,,,,,,,,,,
2540583109,85,1,1,9,40,mjejb0x57ms54j9ry6s8njwh,1,67.4,27.6,2023-04-29T11:41:00.622Z,2023-04-29T11:41:04Z,4234241529,213,3.4,4234241521,56,Center,4234241527,212,11.3,4234241523,140,56.9,4234241525,141,23.7,,,,,,,,,,1bpq54voea3pt7n7ppzoyvvth,N. Dowie,,,,,,,,,,,,,,,,,,,,,,,,,,
2540583163,86,1,1,9,44,mjejb0x57ms54j9ry6s8njwh,1,59.5,26.8,2023-04-29T11:41:04.095Z,2023-04-29T11:41:08Z,4234241811,212,29.8,4234241805,56,Center,4234241813,213,1.5,4234241807,140,61.1,4234241809,141,70.6,,,,,,,,,,efvcf4syatkaw5fbo37i5hat,F. Nagano,,,,,,,,,,,,,,,,,,,,,,,,,,
2540583213,87,1,1,9,48,mjejb0x57ms54j9ry6s8njwh,1,62.9,72.9,2023-04-29T11:41:08.470Z,2023-04-29T11:41:28Z,4234242065,212,29.5,4234242059,56,Center,4234242063,141,50.0,4234242067,213,5.7,4234243225,154,,4234242057,155,,4234243223,210,13,4234242061,140,86.8,40drqeciuqe2j07g5cnc6xf55,T. Hinds,1,,,,,,,,,,,,,,,,,,,,,,,,,
2540583217,88,13,1,9,51,mjejb0x57ms54j9ry6s8njwh,1,86.8,50,2023-04-29T11:41:11.686Z,2023-04-29T11:41:28Z,4234242803,15,,4234242807,328,,4234243239,103,4.2,4234243241,230,98.6,4234243237,102,58.3,4234243233,55,87,4234243231,154,,4234242079,17,,1bpq54voea3pt7n7ppzoyvvth,N. Dowie,,4234243243,231,4234243227,83,,4234242081,56,50.2,4234242077,22,4234243229,29,,,,,,,,,,,Center,,
2540583211,84,5,1,9,52,28u3q82ip96ahymkup01vfxli,1,-1.4,40,2023-04-29T11:41:12.302Z,2023-04-29T11:41:14Z,4234242253,233,89,4234242053,346,,4234242051,56,Back,,,,,,,,,,,,,,,,8hmqpyniap0whyfhco0dhp3v9,A. Plumptre,,,,,,,,,,,,,,,,,,,,,,,,,,
2540583247,89,5,1,9,54,mjejb0x57ms54j9ry6s8njwh,0,101.4,60,2023-04-29T11:41:14.111Z,2023-04-29T11:41:14Z,4234242213,346,,4234242261,233,84,4234242211,56,Center,,,,,,,,,,,,,,,,1bpq54voea3pt7n7ppzoyvvth,N. Dowie,,,,,,,,,,,,,,,,,,,,,,,,,,
2540583481,85,1,1,10,9,28u3q82ip96ahymkup01vfxli,1,3.6,50,2023-04-29T11:41:29.078Z,2023-04-29T11:41:31Z,4234243471,124,,4234243479,141,96.2,4234243485,1,,4234243483,213,0.8,4234243477,140,32.6,4234243473,155,,4234243475,56,Back,4234243489,74,,avud4qv9xovwlr2pxc8fcmiuh,J. Leitzig,,4234243481,212,,,,,,43.8,,,,,,,,,,,,,,,,,
2540583545,86,1,1,10,11,28u3q82ip96ahymkup01vfxli,1,32.5,96.2,2023-04-29T11:41:31.078Z,2023-04-29T11:41:34Z,4234243755,140,42.4,4234243753,56,Back,4234243761,213,5.5,4234243757,141,81.4,4234243759,212,14.5,4234243751,3,,,,,,,,4r1z04gidueqs684yxeyrq8ve,C. Nevin,,,,,,,,,,,,,,,,,,,,,,,,,,
2540583589,87,1,1,10,14,28u3q82ip96ahymkup01vfxli,1,42.1,82.1,2023-04-29T11:41:34.773Z,2023-04-29T11:41:37Z,4234243949,212,9.5,4234243951,213,1.8,4234243947,141,95.6,4234243943,56,Back,4234243945,140,39.7,,,,,,,,,,7m31qpkmuh3amb6navttdlvpx,A. Whelan,,,,,,,,,,,,,,,,,,,,,,,,,,
2540583607,88,1,1,10,17,28u3q82ip96ahymkup01vfxli,0,39.7,96.2,2023-04-29T11:41:36.950Z,2023-04-29T11:41:39Z,4234244075,213,6.3,4234244071,141,96.0,4234244067,56,Left,4234244073,212,11.9,4234244069,140,51.0,,,,,,,,,,4r1z04gidueqs684yxeyrq8ve,C. Nevin,,,,,,,,,,,,,,,,,,,,,,,,,,
2540584293,97,8,1,10,18,mjejb0x57ms54j9ry6s8njwh,1,5,37,2023-04-29T11:41:38.565Z,2023-04-29T11:42:40Z,4234247587,56,Back,,,,,,,,,,,,,,,,,,,,,,brppytuf1766c50274dkue5pm,M. Kearns,,,,,,,,,,,,,,,,,,,,,,,,,,
2540583717,89,1,1,10,21,28u3q82ip96ahymkup01vfxli,1,55.8,97.5,2023-04-29T11:41:41.598Z,2023-04-29T11:41:47Z,4234244655,213,6.1,4234244649,141,94.8,4234244647,140,68.1,4234244651,212,13.0,4234244645,56,Left,,,,,,,,,,7m31qpkmuh3amb6navttdlvpx,A. Whelan,,,,,,,,,,,,,,,,,,,,,,,,,,
2540583721,90,3,1,10,26,28u3q82ip96ahymkup01vfxli,0,78.3,86.4,2023-04-29T11:41:46.029Z,2023-04-29T11:41:48Z,4234244663,286,,4234244693,233,90,4234244661,56,Left,,,,,,,,,,,,,,,,60q198d41n3y887jeiezr850q,R. Mace,,,,,,,,,,,,,,,,,,,,,,,,,,
2540583709,90,7,1,10,26,mjejb0x57ms54j9ry6s8njwh,0,21.7,13.6,2023-04-29T11:41:46.030Z,2023-04-29T11:41:48Z,4234244611,285,,4234244675,233,90,4234244609,56,Back,,,,,,,,,,,,,,,,cmcx5h39wkd0cnsbq1vcob4r9,L. Robe,,,,,,,,,,,,,,,,,,,,,,,,,,
2540583759,91,1,1,10,29,28u3q82ip96ahymkup01vfxli,1,80,93.6,2023-04-29T11:41:49.350Z,2023-04-29T11:41:52Z,4234244879,141,96.5,4234244877,140,68.6,4234244881,212,12.1,4234244883,213,3.0,4234244875,56,Left,,,,,,,,,,60q198d41n3y887jeiezr850q,R. Mace,,,,,,,,,,,,,,,,,,,,,,,,,,
2540583771,92,50,1,10,32,28u3q82ip96ahymkup01vfxli,1,65.3,96.8,2023-04-29T11:41:52.134Z,2023-04-29T11:41:53Z,4234244925,56,Left,4234245059,233,91,4234244927,286,,,,,,,,,,,,,,,,,7m31qpkmuh3amb6navttdlvpx,A. Whelan,,,,,,,,,,,,,,,,,,,,,,,,,,
2540583783,91,7,1,10,32,mjejb0x57ms54j9ry6s8njwh,1,34.7,3.2,2023-04-29T11:41:52.135Z,2023-04-29T11:41:53Z,4234244981,56,Back,4234244983,285,,4234245055,233,92,,,,,,,,,,,,,,,,brppytuf1766c50274dkue5pm,M. Kearns,,,,,,,,,,,,,,,,,,,,,,,,,,
2540583793,92,43,1,10,33,mjejb0x57ms54j9ry6s8njwh,1,0,0,2023-04-29T11:41:53.062Z,2023-04-29T11:41:58Z,4234245357,144,49,,,,,,,,,,,,,,,,,,,,,,brppytuf1766c50274dkue5pm,M. Kearns,,,,,,,,,,,,,,,,,,,,,,,,,,
2540584067,93,5,1,10,35,28u3q82ip96ahymkup01vfxli,1,67.4,100.4,2023-04-29T11:41:55.437Z,2023-04-29T11:42:16Z,4234246377,347,,4234246385,233,93,4234246375,56,Left,,,,,,,,,,,,,,,,7m31qpkmuh3amb6navttdlvpx,A. Whelan,,,,,,,,,,,,,,,,,,,,,,,,,,
2540583821,93,5,1,10,36,mjejb0x57ms54j9ry6s8njwh,0,32.6,-0.4,2023-04-29T11:41:55.982Z,2023-04-29T11:42:17Z,4234245191,56,Back,4234245193,347,,4234246409,233,93,,,,,,,,,,,,,,,,brppytuf1766c50274dkue5pm,M. Kearns,,,,,,,,,,,,,,,,,,,,,,,,,,
2540584099,94,1,1,10,56,28u3q82ip96ahymkup01vfxli,0,72.7,100,2023-04-29T11:42:16.470Z,2023-04-29T11:42:19Z,4234246569,107,,4234246579,213,5.2,4234246571,56,Center,4234246575,141,75.4,4234246573,140,82.9,4234246577,212,21.0,,,,,,,4r1z04gidueqs684yxeyrq8ve,C. Nevin,,,,,,,,,,,,,,,,,,,,,,,,,,
2540584185,94,12,1,10,59,mjejb0x57ms54j9ry6s8njwh,1,21.9,27.9,2023-04-29T11:42:19.902Z,2023-04-29T11:42:27Z,4234247075,212,24.7,4234247071,140,45.4,4234247077,213,0.1,4234247073,141,30.3,4234247069,56,Back,,,,,,,,,,9v895fdc1blaaboscv14vp149,C. Holland,,,,,,,,,,,,,,,,,,,,,,,,,,
2540584151,95,1,1,11,1,28u3q82ip96ahymkup01vfxli,1,58.6,69,2023-04-29T11:42:21.886Z,2023-04-29T11:42:24Z,4234246875,212,15.8,4234246873,141,64.6,4234246867,3,,4234246877,213,6.1,4234246869,56,Center,4234246871,140,73.4,,,,,,,8hmqpyniap0whyfhco0dhp3v9,A. Plumptre,,,,,,,,,,,,,,,,,,,,,,,,,,
2540584161,96,1,1,11,4,28u3q82ip96ahymkup01vfxli,0,73.4,64.6,2023-04-29T11:42:24.726Z,2023-04-29T11:42:25Z,4234246913,3,,4234246919,141,64.8,4234246917,140,78.2,4234246921,212,5.0,4234246923,213,0.0,4234246915,56,Center,,,,,,,2xphfksgb05a8z4e9328mywvd,R. Siemsen,,,,,,,,,,,,,,,,,,,,,,,,,,
2540584203,95,12,1,11,7,mjejb0x57ms54j9ry6s8njwh,1,19.5,37.7,2023-04-29T11:42:27.669Z,2023-04-29T11:42:53Z,4234247129,213,1.1,4234247127,212,12.3,4234247121,140,24.8,4234247123,141,53.9,4234247119,56,Back,,,,,,,,,,871cll4se1mtci0na61o632dx,J. Matthews,,,,,,,,,,,,,,,,,,,,,,,,,,
2540584213,97,13,1,11,8,28u3q82ip96ahymkup01vfxli,1,76.4,56.7,2023-04-29T11:42:28.294Z,2023-04-29T11:42:47Z,4234247783,20,,4234248213,74,,4234248225,231,49.6,4234248217,103,81.9,4234247183,56,Center,4234248221,458,,4234248219,215,,4234248223,230,99.5,9mfotw533oa5qs1muu2z8t8lx,J. Green,,4234248215,102,4234247177,22,,4234247181,18,54.1,,,,,,,,,,,,,,,,,
2540584235,98,5,1,11,9,28u3q82ip96ahymkup01vfxli,0,100.3,54.7,2023-04-29T11:42:29.910Z,2023-04-29T11:42:32Z,4234247435,233,96,4234247307,56,Center,4234247309,346,,,,,,,,,,,,,,,,,9mfotw533oa5qs1muu2z8t8lx,J. Green,,,,,,,,,,,,,,,,,,,,,,,,,,
2540584255,96,5,1,11,12,mjejb0x57ms54j9ry6s8njwh,1,-0.3,45.3,2023-04-29T11:42:32.222Z,2023-04-29T11:42:32Z,4234247387,346,,4234247415,233,98,4234247385,56,Back,,,,,,,,,,,,,,,,871cll4se1mtci0na61o632dx,J. Matthews,,,,,,,,,,,,,,,,,,,,,,,,,,
2540584645,98,1,1,11,40,mjejb0x57ms54j9ry6s8njwh,1,5.2,50.3,2023-04-29T11:43:00.709Z,2023-04-29T11:43:04Z,4234249291,141,76.1,4234249301,74,,4234249289,140,48.5,4234249297,1,,4234249285,155,,4234249293,212,48.7,4234249295,213,0.4,4234249283,124,,cn8ti0qxxvg0z0vvmwkocggr9,R. Laws,,4234249287,56,,,,,,Back,,,,,,,,,,,,,,,,,
2540584653,99,44,1,11,43,mjejb0x57ms54j9ry6s8njwh,1,50.8,72.6,2023-04-29T11:43:03.669Z,2023-04-29T11:44:52Z,4234249353,233,99,4234249325,56,Center,4234249357,286,,,,,,,,,,,,,,,,,efvcf4syatkaw5fbo37i5hat,F. Nagano,,,,,,,,,,,,,,,,,,,,,,,,,,
2540584639,99,44,1,11,43,28u3q82ip96ahymkup01vfxli,0,49.2,27.4,2023-04-29T11:43:03.670Z,2023-04-29T11:43:05Z,4234249271,56,Back,4234249403,233,99,4234249273,285,,,,,,,,,,,,,,,,,d3qtg5xhiwe3zamb4mh50whjp,S. Howard,,,,,,,,,,,,,,,,,,,,,,,,,,
2540584679,100,1,1,11,43,mjejb0x57ms54j9ry6s8njwh,0,49.9,76.9,2023-04-29T11:43:03.782Z,2023-04-29T11:48:44Z,4234249449,3,,4234249451,56,Left,4234249459,213,0.2,4234249455,141,79.7,4234249457,212,8.2,4234249453,140,57.5,,,,,,,efvcf4syatkaw5fbo37i5hat,F. Nagano,,,,,,,,,,,,,,,,,,,,,,,,,,
2540584693,100,49,1,11,46,28u3q82ip96ahymkup01vfxli,1,34.4,15,2023-04-29T11:43:06.573Z,2023-04-29T11:43:06Z,,,,,,,,,,,,,,,,,,,,,,,,,6k1s7y9dnzdpppppdco7bgudx,C. Bott,,,,,,,,,,,,,,,,,,,,,,,,,,
2540584719,101,1,1,11,46,28u3q82ip96ahymkup01vfxli,1,34.4,15,2023-04-29T11:43:06.750Z,2023-04-29T11:43:08Z,4234249625,140,15.2,4234249631,213,2.7,4234249623,56,Back,4234249629,212,22.4,4234249627,141,29.4,,,,,,,,,,6k1s7y9dnzdpppppdco7bgudx,C. Bott,,,,,,,,,,,,,,,,,,,,,,,,,,
2540584759,102,1,1,11,48,28u3q82ip96ahymkup01vfxli,0,15.2,29.4,2023-04-29T11:43:08.342Z,2023-04-29T11:43:11Z,4234249835,212,32.6,4234249837,213,5.6,4234249829,140,39.1,4234249825,157,,4234249839,1,,4234249831,141,0.0,4234249827,56,Back,,,,avud4qv9xovwlr2pxc8fcmiuh,J. Leitzig,,,,,,,,,,,,,,,,,,,,,,,,,,
2540584763,103,5,1,11,51,28u3q82ip96ahymkup01vfxli,0,41.7,-1.5,2023-04-29T11:43:11.056Z,2023-04-29T11:43:24Z,4234249847,347,,4234250673,233,101,4234249845,56,Back,,,,,,,,,,,,,,,,avud4qv9xovwlr2pxc8fcmiuh,J. Leitzig,,,,,,,,,,,,,,,,,,,,,,,,,,
2540584909,101,5,1,11,52,mjejb0x57ms54j9ry6s8njwh,1,58.3,101.5,2023-04-29T11:43:12.693Z,2023-04-29T11:43:24Z,4234250631,56,Left,4234250633,347,,4234250659,233,103,,,,,,,,,,,,,,,,efvcf4syatkaw5fbo37i5hat,F. Nagano,,,,,,,,,,,,,,,,,,,,,,,,,,
2540585185,102,1,1,12,19,mjejb0x57ms54j9ry6s8njwh,1,58.5,100,2023-04-29T11:43:39.349Z,2023-04-29T11:43:41Z,4234251851,107,,4234251859,212,15.4,4234251857,141,89.3,4234251861,213,5.7,4234251853,56,Left,4234251855,140,70.9,,,,,,,40drqeciuqe2j07g5cnc6xf55,T. Hinds,,,,,,,,,,,,,,,,,,,,,,,,,,
2540585243,103,1,1,12,21,mjejb0x57ms54j9ry6s8njwh,1,70.9,89.3,2023-04-29T11:43:41.557Z,2023-04-29T11:43:44Z,4234252113,56,Left,4234252111,3,,4234252119,212,5.8,4234252117,141,97.2,4234252121,213,2.0,4234252115,140,68.8,,,,,,,1bpq54voea3pt7n7ppzoyvvth,N. Dowie,,,,,,,,,,,,,,,,,,,,,,,,,,
2540585295,104,1,1,12,24,mjejb0x57ms54j9ry6s8njwh,1,65.8,97.1,2023-04-29T11:43:44.869Z,2023-04-29T11:43:49Z,4234252397,213,3.2,4234252393,141,96.0,4234252395,212,15.0,4234252391,140,51.5,4234252389,56,Left,,,,,,,,,,40drqeciuqe2j07g5cnc6xf55,T. Hinds,,,,,,,,,,,,,,,,,,,,,,,,,,
2540585369,105,1,1,12,29,mjejb0x57ms54j9ry6s8njwh,1,51.5,96,2023-04-29T11:43:49.053Z,2023-04-29T11:43:54Z,4234252737,213,4.0,4234252729,56,Back,4234252733,141,57.0,4234252735,212,34.7,4234252739,1,,4234252731,140,30.2,,,,,,,871cll4se1mtci0na61o632dx,J. Matthews,,,,,,,,,,,,,,,,,,,,,,,,,,
2540585399,106,1,1,12,34,mjejb0x57ms54j9ry6s8njwh,1,36.4,61.2,2023-04-29T11:43:54.573Z,2023-04-29T11:43:56Z,4234252895,141,65.4,4234252893,140,39.3,4234252891,56,Back,4234252897,212,4.2,4234252899,213,0.8,,,,,,,,,,cmcx5h39wkd0cnsbq1vcob4r9,L. Robe,,,,,,,,,,,,,,,,,,,,,,,,,,
2540585439,107,1,1,12,36,mjejb0x57ms54j9ry6s8njwh,1,36.1,60.3,2023-04-29T11:43:56.557Z,2023-04-29T11:43:59Z,4234253109,212,28.4,4234253101,56,Back,4234253103,140,35.8,4234253105,141,18.6,4234253111,213,4.7,,,,,,,,,,efvcf4syatkaw5fbo37i5hat,F. Nagano,,,,,,,,,,,,,,,,,,,,,,,,,,
2540585483,108,1,1,12,39,mjejb0x57ms54j9ry6s8njwh,0,42.1,17.1,2023-04-29T11:43:59.693Z,2023-04-29T11:44:02Z,4234253291,141,6.8,4234253293,212,20.4,4234253295,213,5.9,4234253289,140,60.3,4234253287,56,Right,,,,,,,,,,2wv3bsfv3jh5ar8xw97lpxr6d,E. Koivisto,,,,,,,,,,,,,,,,,,,,,,,,,,
2540585487,104,8,1,12,43,28u3q82ip96ahymkup01vfxli,1,37.7,93.5,2023-04-29T11:44:03.093Z,2023-04-29T11:44:03Z,4234253305,56,Back,,,,,,,,,,,,,,,,,,,,,,4r1z04gidueqs684yxeyrq8ve,C. Nevin,,,,,,,,,,,,,,,,,,,,,,,,,,
2540585501,105,49,1,12,44,28u3q82ip96ahymkup01vfxli,1,43.2,89,2023-04-29T11:44:04.077Z,2023-04-29T11:44:04Z,,,,,,,,,,,,,,,,,,,,,,,,,7m31qpkmuh3amb6navttdlvpx,A. Whelan,,,,,,,,,,,,,,,,,,,,,,,,,,
2540585527,106,1,1,12,44,28u3q82ip96ahymkup01vfxli,1,43.2,89,2023-04-29T11:44:04.246Z,2023-04-29T11:44:05Z,4234253529,141,67.0,4234253527,140,64.9,4234253533,213,5.7,4234253531,212,27.3,4234253525,56,Center,,,,,,,,,,7m31qpkmuh3amb6navttdlvpx,A. Whelan,,,,,,,,,,,,,,,,,,,,,,,,,,
2540585587,107,1,1,12,45,28u3q82ip96ahymkup01vfxli,1,64.9,67,2023-04-29T11:44:05.653Z,2023-04-29T11:44:08Z,4234253749,141,63.0,4234253747,140,57.8,4234253751,212,7.9,4234253745,56,Center,4234253753,213,3.5,,,,,,,,,,2xphfksgb05a8z4e9328mywvd,R. Siemsen,,,,,,,,,,,,,,,,,,,,,,,,,,
2540585615,108,1,1,12,48,28u3q82ip96ahymkup01vfxli,1,57.7,64.6,2023-04-29T11:44:08.814Z,2023-04-29T11:44:10Z,4234253867,213,0.8,4234253863,141,86.3,4234253865,212,21.4,4234253861,140,72.5,4234253857,56,Left,,,,,,,,,,c7giuh90mnvajsobobcbx4ley,C. Jones,,,,,,,,,,,,,,,,,,,,,,,,,,
2540585623,109,1,1,12,50,28u3q82ip96ahymkup01vfxli,0,72.5,86.3,2023-04-29T11:44:10.749Z,2023-04-29T11:44:11Z,4234253905,141,74.7,4234253903,140,74.1,4234253909,213,4.9,4234253907,212,8.1,4234253901,56,Center,,,,,,,,,,7m31qpkmuh3amb6navttdlvpx,A. Whelan,,,,,,,,,,,,,,,,,,,,,,,,,,
2540585619,109,49,1,12,50,mjejb0x57ms54j9ry6s8njwh,1,29.3,22.7,2023-04-29T11:44:10.885Z,2023-04-29T11:44:11Z,,,,,,,,,,,,,,,,,,,,,,,,,2wv3bsfv3jh5ar8xw97lpxr6d,E. Koivisto,,,,,,,,,,,,,,,,,,,,,,,,,,
2540585697,110,1,1,12,54,mjejb0x57ms54j9ry6s8njwh,1,30,19.1,2023-04-29T11:44:14.661Z,2023-04-29T11:44:17Z,4234254367,141,19.4,4234254363,140,38.7,4234254369,212,9.1,4234254361,56,Back,4234254371,213,0.0,,,,,,,,,,2wv3bsfv3jh5ar8xw97lpxr6d,E. Koivisto,,,,,,,,,,,,,,,,,,,,,,,,,,
2540585705,111,50,1,12,57,mjejb0x57ms54j9ry6s8njwh,1,36.6,22.8,2023-04-29T11:44:17.220Z,2023-04-29T11:44:19Z,4234254515,233,110,4234254413,286,,4234254411,56,Back,,,,,,,,,,,,,,,,brppytuf1766c50274dkue5pm,M. Kearns,,,,,,,,,,,,,,,,,,,,,,,,,,
2540585711,110,7,1,12,57,28u3q82ip96ahymkup01vfxli,0,63.4,77.2,2023-04-29T11:44:17.221Z,2023-04-29T11:44:18Z,4234254481,285,,4234254479,56,Center,4234254485,233,111,,,,,,,,,,,,,,,,60q198d41n3y887jeiezr850q,R. Mace,,,,,,,,,,,,,,,,,,,,,,,,,,
2540585757,112,1,1,13,0,mjejb0x57ms54j9ry6s8njwh,0,26.4,11.6,2023-04-29T11:44:20.157Z,2023-04-29T11:44:22Z,4234254775,213,0.1,4234254765,157,,4234254771,141,17.0,4234254777,1,,4234254773,212,39.9,4234254767,56,Right,4234254769,140,64.2,,,,cmcx5h39wkd0cnsbq1vcob4r9,L. Robe,,,,,,,,,,,,,,,,,,,,,,,,,,
2540585781,111,1,1,13,2,28u3q82ip96ahymkup01vfxli,0,41.7,90.3,2023-04-29T11:44:22.733Z,2023-04-29T11:44:23Z,4234254907,140,47.9,4234254909,141,86.3,4234254903,3,,4234254913,213,5.9,4234254905,56,Back,4234254911,212,7.1,,,,,,,8hmqpyniap0whyfhco0dhp3v9,A. Plumptre,,,,,,,,,,,,,,,,,,,,,,,,,,
2540585815,113,50,1,13,7,mjejb0x57ms54j9ry6s8njwh,1,58,21.6,2023-04-29T11:44:27.020Z,2023-04-29T11:44:28Z,4234255073,56,Center,4234255077,286,,4234255191,233,112,,,,,,,,,,,,,,,,efvcf4syatkaw5fbo37i5hat,F. Nagano,,,,,,,,,,,,,,,,,,,,,,,,,,
2540585827,112,7,1,13,7,28u3q82ip96ahymkup01vfxli,1,42,78.4,2023-04-29T11:44:27.021Z,2023-04-29T11:44:28Z,4234255183,233,113,4234255139,56,Back,4234255141,285,,,,,,,,,,,,,,,,,4r1z04gidueqs684yxeyrq8ve,C. Nevin,,,,,,,,,,,,,,,,,,,,,,,,,,
2540585833,113,49,1,13,7,28u3q82ip96ahymkup01vfxli,1,43.9,80.9,2023-04-29T11:44:27.837Z,2023-04-29T11:44:28Z,,,,,,,,,,,,,,,,,,,,,,,,,4r1z04gidueqs684yxeyrq8ve,C. Nevin,,,,,,,,,,,,,,,,,,,,,,,,,,
2540585877,114,3,1,13,10,28u3q82ip96ahymkup01vfxli,1,40.9,66.4,2023-04-29T11:44:30.886Z,2023-04-29T11:44:32Z,4234255421,233,114,4234255357,286,,4234255355,56,Back,,,,,,,,,,,,,,,,4r1z04gidueqs684yxeyrq8ve,C. Nevin,,,,,,,,,,,,,,,,,,,,,,,,,,
2540585889,114,45,1,13,10,mjejb0x57ms54j9ry6s8njwh,0,59.1,33.6,2023-04-29T11:44:30.886Z,2023-04-29T11:44:32Z,4234255401,56,Center,4234255439,233,114,4234255403,285,,,,,,,,,,,,,,,,,dw593ezeekrbzlc2qhtc805p1,K. Stengel,,,,,,,,,,,,,,,,,,,,,,,,,,
2540585973,115,1,1,13,11,28u3q82ip96ahymkup01vfxli,1,42.4,70.6,2023-04-29T11:44:31.525Z,2023-04-29T11:44:38Z,4234255755,56,Back,4234255761,212,14.2,4234255763,213,1.3,4234255759,141,90.9,4234255757,140,45.5,,,,,,,,,,4r1z04gidueqs684yxeyrq8ve,C. Nevin,,,,,,,,,,,,,,,,,,,,,,,,,,
2540585977,116,1,1,13,18,28u3q82ip96ahymkup01vfxli,0,55.9,95.1,2023-04-29T11:44:38.038Z,2023-04-29T11:44:38Z,4234255783,141,68.2,4234255787,213,5.0,4234255781,140,60.6,4234255779,56,Center,4234255777,155,,4234255785,212,18.9,,,,,,,60q198d41n3y887jeiezr850q,R. Mace,,,,,,,,,,,,,,,,,,,,,,,,,,
2540586001,115,1,1,13,20,mjejb0x57ms54j9ry6s8njwh,0,38.6,51.6,2023-04-29T11:44:40.061Z,2023-04-29T11:44:41Z,4234255893,212,25.1,4234255885,3,,4234255891,141,32.7,4234255887,56,Center,4234255889,140,59.1,4234255895,213,5.7,,,,,,,9v895fdc1blaaboscv14vp149,C. Holland,,,,,,,,,,,,,,,,,,,,,,,,,,
2540586029,117,1,1,13,21,28u3q82ip96ahymkup01vfxli,1,40.8,75.9,2023-04-29T11:44:41.429Z,2023-04-29T11:44:42Z,4234255995,3,,4234256005,213,0.7,4234255999,140,43.9,4234256001,141,79.7,4234255997,56,Back,4234256003,212,4.2,,,,,,,8hmqpyniap0whyfhco0dhp3v9,A. Plumptre,,,,,,,,,,,,,,,,,,,,,,,,,,
2540586125,118,1,1,13,22,28u3q82ip96ahymkup01vfxli,1,44.2,79.7,2023-04-29T11:44:42.358Z,2023-04-29T11:44:50Z,4234256525,212,18.3,4234256527,213,4.1,4234256523,141,57.8,4234256519,56,Back,4234256521,140,34.0,,,,,,,,,,4r1z04gidueqs684yxeyrq8ve,C. Nevin,,,,,,,,,,,,,,,,,,,,,,,,,,
2540586151,119,1,1,13,30,28u3q82ip96ahymkup01vfxli,1,34.3,42.2,2023-04-29T11:44:50.493Z,2023-04-29T11:44:52Z,4234256681,213,0.1,4234256675,212,12.3,4234256667,140,45.9,4234256663,56,Back,4234256671,141,44.9,,,,,,,,,,d3qtg5xhiwe3zamb4mh50whjp,S. Howard,,,,,,,,,,,,,,,,,,,,,,,,,,
2540586177,120,1,1,13,32,28u3q82ip96ahymkup01vfxli,1,45.9,44.9,2023-04-29T11:44:52.446Z,2023-04-29T11:44:54Z,4234256817,140,42.8,4234256819,141,65.5,4234256821,212,14.4,4234256815,56,Back,4234256823,213,1.8,,,,,,,,,,9mfotw533oa5qs1muu2z8t8lx,J. Green,,,,,,,,,,,,,,,,,,,,,,,,,,
2540586221,121,1,1,13,34,28u3q82ip96ahymkup01vfxli,1,43.2,66.6,2023-04-29T11:44:54.421Z,2023-04-29T11:44:57Z,4234257005,213,0.9,4234257001,141,96.6,4234256999,140,58.3,4234256997,56,Left,4234257003,212,25.8,,,,,,,,,,8hmqpyniap0whyfhco0dhp3v9,A. Plumptre,,,,,,,,,,,,,,,,,,,,,,,,,,
2540586275,122,1,1,13,37,28u3q82ip96ahymkup01vfxli,1,47.1,94.5,2023-04-29T11:44:57.397Z,2023-04-29T11:45:01Z,4234257225,212,12.5,4234257223,141,76.6,4234257227,213,4.5,4234257219,56,Back,4234257221,140,44.2,,,,,,,,,,4r1z04gidueqs684yxeyrq8ve,C. Nevin,,,,,,,,,,,,,,,,,,,,,,,,,,
2540586297,123,1,1,13,41,28u3q82ip96ahymkup01vfxli,1,56.2,86.3,2023-04-29T11:45:01.037Z,2023-04-29T11:45:02Z,4234257339,213,0.5,4234257331,56,Left,4234257335,141,93.9,4234257337,212,10.8,4234257333,140,65.2,,,,,,,,,,8hmqpyniap0whyfhco0dhp3v9,A. Plumptre,,,,,,,,,,,,,,,,,,,,,,,,,,
2540586315,124,1,1,13,42,28u3q82ip96ahymkup01vfxli,1,65.2,93.9,2023-04-29T11:45:02.373Z,2023-04-29T11:45:03Z,4234257403,213,2.0,4234257397,140,63.8,4234257395,56,Left,4234257401,212,3.2,4234257399,141,98.1,,,,,,,,,,7m31qpkmuh3amb6navttdlvpx,A. Whelan,,,,,,,,,,,,,,,,,,,,,,,,,,
2540586401,125,1,1,13,43,28u3q82ip96ahymkup01vfxli,1,63.8,98.1,2023-04-29T11:45:03.797Z,2023-04-29T11:45:11Z,4234257815,212,39.1,4234257809,56,Center,4234257817,213,5.8,4234257813,141,72.0,4234257811,140,97.0,4234257819,1,,,,,,,,4r1z04gidueqs684yxeyrq8ve,C. Nevin,,,,,,,,,,,,,,,,,,,,,,,,,,
2540586407,126,50,1,13,50,28u3q82ip96ahymkup01vfxli,1,97.1,72.5,2023-04-29T11:45:09.939Z,2023-04-29T11:45:12Z,4234257831,286,,4234257889,233,116,4234257829,56,Center,,,,,,,,,,,,,,,,2xphfksgb05a8z4e9328mywvd,R. Siemsen,,,,,,,,,,,,,,,,,,,,,,,,,,
2540586397,116,7,1,13,50,mjejb0x57ms54j9ry6s8njwh,1,2.9,27.5,2023-04-29T11:45:09.940Z,2023-04-29T11:45:11Z,4234257795,285,,4234257873,233,126,4234257791,167,,4234257793,56,Back,,,,,,,,,,,,,871cll4se1mtci0na61o632dx,J. Matthews,,,,,,,,,,,,,,,,,,,,,,,,,,
2540586433,117,6,1,13,50,mjejb0x57ms54j9ry6s8njwh,0,2.9,27.5,2023-04-29T11:45:10.804Z,2023-04-29T11:45:13Z,4234257923,56,Back,4234257933,233,127,4234257925,73,,,,,,,,,,,,,,,,,871cll4se1mtci0na61o632dx,J. Matthews,,,,,,,,,,,,,,,,,,,,,,,,,,
2540586429,127,6,1,13,50,28u3q82ip96ahymkup01vfxli,1,97.1,72.5,2023-04-29T11:45:10.804Z,2023-04-29T11:48:50Z,4234257917,73,,4234257915,56,Center,4234257927,233,117,,,,,,,,,,,,,,,,2xphfksgb05a8z4e9328mywvd,R. Siemsen,,,,,,,,,,,,,,,,,,,,,,,,,,
2540586955,128,1,1,14,24,28u3q82ip96ahymkup01vfxli,1,99.5,99.5,2023-04-29T11:45:44.909Z,2023-04-29T11:45:49Z,4234260361,140,79.8,4234260357,6,,4234260367,213,3.6,4234260359,56,Left,4234260363,141,86.2,4234260365,212,22.6,,,,,,,60q198d41n3y887jeiezr850q,R. Mace,,,,,,,,,,,,,,,,,,,,,,,,,,
2540586979,129,1,1,14,29,28u3q82ip96ahymkup01vfxli,1,76.4,73.6,2023-04-29T11:45:49.365Z,2023-04-29T11:46:46Z,4234260491,212,17.3,4234260493,213,6.0,4234260485,56,Center,4234260483,155,,4234260489,141,66.7,4234260487,140,92.3,,,,,,,7f7tbbjqhhyydjj4wurm28xcl,H. Cain,,,,,,,,,,,,,,,,,,,,,,,,,,
2540587037,130,1,1,14,31,28u3q82ip96ahymkup01vfxli,1,91.8,66.1,2023-04-29T11:45:51.245Z,2023-04-29T11:46:34Z,4234263193,154,,4234260745,56,Center,4234260753,213,3.7,4234263191,210,16,4234260751,212,7.5,4234260749,141,60.2,4234260747,140,85.8,4234263195,25,,2xphfksgb05a8z4e9328mywvd,R. Siemsen,,,,,,,,,,,,,,,,,,,,,,,,,1,
2540587039,131,16,1,14,35,28u3q82ip96ahymkup01vfxli,1,85.2,61.7,2023-04-29T11:45:55.541Z,2023-04-29T11:46:35Z,4234261659,25,,4234263235,55,130,4234263231,154,,4234263243,230,98.5,4234261669,375,14:34.575,4234263227,29,,4234260761,17,,4234263241,103,5.7,9mfotw533oa5qs1muu2z8t8lx,J. Green,,4234263233,133,4234261665,374,2023-04-29 12:45:54.494,4234260763,56,,4234263239,102,4234261661,20,4234263245,231,49.1,4234263225,76,,,,,,Center,,53.6
2540587061,118,43,1,14,38,mjejb0x57ms54j9ry6s8njwh,1,0,0,2023-04-29T11:45:58.505Z,2023-04-29T11:46:55Z,4234260847,56,Back,4234264531,144,61,,,,,,,,,,,,,,,,,,,brppytuf1766c50274dkue5pm,M. Kearns,,,,,,,,,,,,,,,,,,,,,,,,,,
2540587815,119,1,1,15,27,mjejb0x57ms54j9ry6s8njwh,1,50.2,49.9,2023-04-29T11:46:47.076Z,2023-04-29T11:46:49Z,4234264187,279,G,4234264183,212,12.6,4234264185,213,3.0,4234264179,140,38.4,4234264181,141,53.3,4234264177,56,Back,,,,,,,1bpq54voea3pt7n7ppzoyvvth,N. Dowie,,,,,,,,,,,,,,,,,,,,,,,,,,
2540587851,120,1,1,15,29,mjejb0x57ms54j9ry6s8njwh,1,38.4,53.3,2023-04-29T11:46:49.628Z,2023-04-29T11:46:52Z,4234264335,213,2.6,4234264331,141,69.0,4234264329,140,21.7,4234264327,56,Back,4234264333,212,20.5,,,,,,,,,,efvcf4syatkaw5fbo37i5hat,F. Nagano,,,,,,,,,,,,,,,,,,,,,,,,,,
2540587907,121,1,1,15,32,mjejb0x57ms54j9ry6s8njwh,1,21.7,68.8,2023-04-29T11:46:51.972Z,2023-04-29T11:46:55Z,4234264611,140,22.6,4234264617,213,4.7,4234264613,141,24.1,4234264615,212,30.4,4234264609,56,Back,,,,,,,,,,871cll4se1mtci0na61o632dx,J. Matthews,,,,,,,,,,,,,,,,,,,,,,,,,,
2540587937,122,1,1,15,35,mjejb0x57ms54j9ry6s8njwh,1,22.6,24.1,2023-04-29T11:46:55.604Z,2023-04-29T11:46:57Z,4234264755,56,Back,4234264763,213,5.6,4234264759,141,6.1,4234264757,140,37.6,4234264761,212,19.9,,,,,,,,,,cmcx5h39wkd0cnsbq1vcob4r9,L. Robe,,,,,,,,,,,,,,,,,,,,,,,,,,
2540587963,123,1,1,15,37,mjejb0x57ms54j9ry6s8njwh,1,37.7,5.9,2023-04-29T11:46:57.332Z,2023-04-29T11:46:59Z,4234264895,213,2.5,4234264889,140,25.3,4234264887,56,Back,4234264891,141,19.8,4234264893,212,16.1,,,,,,,,,,2wv3bsfv3jh5ar8xw97lpxr6d,E. Koivisto,,,,,,,,,,,,,,,,,,,,,,,,,,
2540587971,124,1,1,15,39,mjejb0x57ms54j9ry6s8njwh,1,25.3,19.8,2023-04-29T11:46:59.124Z,2023-04-29T11:47:00Z,4234264945,213,0.0,4234264939,140,39.9,4234264943,212,15.3,4234264941,141,20.6,4234264937,56,Back,,,,,,,,,,cmcx5h39wkd0cnsbq1vcob4r9,L. Robe,,,,,,,,,,,,,,,,,,,,,,,,,,
2540587985,125,1,1,15,40,mjejb0x57ms54j9ry6s8njwh,1,39.9,20.6,2023-04-29T11:47:00.132Z,2023-04-29T11:47:01Z,4234265061,141,4.6,4234265063,212,11.7,4234265059,140,35.9,4234265057,56,Back,4234265065,213,4.3,,,,,,,,,,brppytuf1766c50274dkue5pm,M. Kearns,,,,,,,,,,,,,,,,,,,,,,,,,,
2540588001,126,1,1,15,41,mjejb0x57ms54j9ry6s8njwh,1,35.9,4.6,2023-04-29T11:47:01.459Z,2023-04-29T11:47:03Z,4234265191,141,17.7,4234265193,212,9.3,4234265195,213,1.3,4234265189,140,38.4,4234265187,56,Back,,,,,,,,,,2wv3bsfv3jh5ar8xw97lpxr6d,E. Koivisto,,,,,,,,,,,,,,,,,,,,,,,,,,
2540588039,127,1,1,15,43,mjejb0x57ms54j9ry6s8njwh,1,38.4,17.7,2023-04-29T11:47:03.597Z,2023-04-29T11:47:07Z,4234265407,141,17.0,4234265409,212,16.4,4234265403,56,Right,4234265405,140,54.0,4234265411,213,6.3,,,,,,,,,,brppytuf1766c50274dkue5pm,M. Kearns,,,,,,,,,,,,,,,,,,,,,,,,,,
2540588063,128,1,1,15,47,mjejb0x57ms54j9ry6s8njwh,1,54,17,2023-04-29T11:47:07.052Z,2023-04-29T11:47:08Z,4234265501,140,56.2,4234265499,56,Right,4234265507,213,4.9,4234265503,141,2.6,4234265505,212,10.1,,,,,,,,,,1bpq54voea3pt7n7ppzoyvvth,N. Dowie,,,,,,,,,,,,,,,,,,,,,,,,,,
2540588069,129,1,1,15,48,mjejb0x57ms54j9ry6s8njwh,0,56.2,2.6,2023-04-29T11:47:08.475Z,2023-04-29T11:47:10Z,4234265529,56,Right,4234265537,141,5.9,4234265651,233,132,4234265541,213,0.5,4234265649,236,,4234265535,140,60.4,4234265539,212,4.9,4234265655,286,,xhbmqvlmvk0gguvc9u806itx,S. van de Sanden,,,,,,,,,,,,,,,,,,,,,,,,,,
2540588077,132,74,1,15,48,28u3q82ip96ahymkup01vfxli,1,42.1,95.4,2023-04-29T11:47:08.476Z,2023-04-29T11:48:48Z,4234265583,285,,4234265659,233,129,4234265581,56,Back,,,,,,,,,,,,,,,,60q198d41n3y887jeiezr850q,R. Mace,,,,,,,,,,,,,,,,,,,,,,,,,,
2540588337,130,5,1,15,50,mjejb0x57ms54j9ry6s8njwh,1,50.8,-1.4,2023-04-29T11:47:10.892Z,2023-04-29T11:47:33Z,4234266947,347,,4234266965,233,133,4234266945,56,Right,,,,,,,,,,,,,,,,xhbmqvlmvk0gguvc9u806itx,S. van de Sanden,,,,,,,,,,,,,,,,,,,,,,,,,,
2540588107,133,5,1,15,52,28u3q82ip96ahymkup01vfxli,0,49.2,101.4,2023-04-29T11:47:12.405Z,2023-04-29T11:47:33Z,4234265769,347,,4234265767,56,Back,4234266971,233,130,,,,,,,,,,,,,,,,60q198d41n3y887jeiezr850q,R. Mace,,,,,,,,,,,,,,,,,,,,,,,,,,
2540588397,131,1,1,16,12,mjejb0x57ms54j9ry6s8njwh,1,53.8,0,2023-04-29T11:47:32.676Z,2023-04-29T11:47:36Z,4234267281,56,Right,4234267289,213,0.8,4234267283,140,63.5,4234267287,212,14.9,4234267279,107,,4234267285,141,14.9,,,,,,,2wv3bsfv3jh5ar8xw97lpxr6d,E. Koivisto,,,,,,,,,,,,,,,,,,,,,,,,,,
2540588453,132,1,1,16,16,mjejb0x57ms54j9ry6s8njwh,1,48.1,22.4,2023-04-29T11:47:36.700Z,2023-04-29T11:47:40Z,4234267513,56,Back,4234267517,141,22.5,4234267519,212,27.0,4234267521,213,3.1,4234267515,140,22.4,,,,,,,,,,brppytuf1766c50274dkue5pm,M. Kearns,,,,,,,,,,,,,,,,,,,,,,,,,,
2540588503,133,1,1,16,20,mjejb0x57ms54j9ry6s8njwh,1,25.4,21,2023-04-29T11:47:40.267Z,2023-04-29T11:47:42Z,4234267751,213,2.1,4234267749,212,23.9,4234267739,140,13.4,4234267737,56,Back,4234267743,141,50.9,,,,,,,,,,cmcx5h39wkd0cnsbq1vcob4r9,L. Robe,,,,,,,,,,,,,,,,,,,,,,,,,,
2540588555,134,1,1,16,22,mjejb0x57ms54j9ry6s8njwh,0,13.4,50.9,2023-04-29T11:47:42.564Z,2023-04-29T11:47:45Z,4234268007,140,37.1,4234268009,141,95.9,4234268015,1,,4234268003,155,,4234268005,56,Back,4234268013,213,0.9,4234268011,212,39.4,,,,cn8ti0qxxvg0z0vvmwkocggr9,R. Laws,,,,,,,,,,,,,,,,,,,,,,,,,,
2540588661,134,5,1,16,25,28u3q82ip96ahymkup01vfxli,1,66.2,-1.2,2023-04-29T11:47:45.877Z,2023-04-29T11:47:52Z,4234268541,233,135,4234268511,56,Right,4234268513,347,,,,,,,,,,,,,,,,,2xphfksgb05a8z4e9328mywvd,R. Siemsen,,,,,,,,,,,,,,,,,,,,,,,,,,
2540588575,135,5,1,16,26,mjejb0x57ms54j9ry6s8njwh,0,33.8,101.2,2023-04-29T11:47:46.188Z,2023-04-29T11:47:52Z,4234268101,347,,4234268099,56,Back,4234268553,233,134,,,,,,,,,,,,,,,,cn8ti0qxxvg0z0vvmwkocggr9,R. Laws,,,,,,,,,,,,,,,,,,,,,,,,,,
2540588747,135,1,1,16,32,28u3q82ip96ahymkup01vfxli,1,69,0,2023-04-29T11:47:52.100Z,2023-04-29T11:47:57Z,4234268927,107,,4234268939,1,,4234268931,140,92.9,4234268935,212,26.0,4234268929,56,Right,4234268933,141,9.2,4234268937,213,0.3,,,,6k1s7y9dnzdpppppdco7bgudx,C. Bott,,,,,,,,,,,,,,,,,,,,,,,,,,
2540588807,136,1,1,16,37,28u3q82ip96ahymkup01vfxli,1,91.3,6.2,2023-04-29T11:47:57.412Z,2023-04-29T11:48:00Z,4234269199,212,6.4,4234269197,141,5.3,4234269193,56,Right,4234269201,213,3.2,4234269195,140,85.2,,,,,,,,,,7m31qpkmuh3amb6navttdlvpx,A. Whelan,,,,,,,,,,,,,,,,,,,,,,,,,,
2540588843,136,45,1,16,40,mjejb0x57ms54j9ry6s8njwh,0,20.6,95.9,2023-04-29T11:48:00.092Z,2023-04-29T11:48:02Z,4234269341,56,Back,4234269343,285,,4234269427,233,137,,,,,,,,,,,,,,,,dw593ezeekrbzlc2qhtc805p1,K. Stengel,,,,,,,,,,,,,,,,,,,,,,,,,,
2540588815,137,3,1,16,40,28u3q82ip96ahymkup01vfxli,1,79.4,4.1,2023-04-29T11:48:00.092Z,2023-04-29T11:48:02Z,4234269227,56,Right,4234269229,286,,4234269407,233,136,,,,,,,,,,,,,,,,6k1s7y9dnzdpppppdco7bgudx,C. Bott,,,,,,,,,,,,,,,,,,,,,,,,,,
2540588873,138,1,1,16,40,28u3q82ip96ahymkup01vfxli,1,80.4,5,2023-04-29T11:48:00.612Z,2023-04-29T11:48:02Z,4234269491,56,Right,4234269499,213,2.2,4234269497,212,12.8,4234269493,140,72.8,4234269495,141,19.8,,,,,,,,,,6k1s7y9dnzdpppppdco7bgudx,C. Bott,,,,,,,,,,,,,,,,,,,,,,,,,,
2540588929,139,1,1,16,42,28u3q82ip96ahymkup01vfxli,1,72.8,17.6,2023-04-29T11:48:02.724Z,2023-04-29T11:48:06Z,4234269733,141,7.6,4234269729,140,67.6,4234269741,213,4.0,4234269737,212,8.7,4234269725,56,Right,,,,,,,,,,60q198d41n3y887jeiezr850q,R. Mace,,,,,,,,,,,,,,,,,,,,,,,,,,
2540588967,140,1,1,16,46,28u3q82ip96ahymkup01vfxli,1,65.1,13.2,2023-04-29T11:48:06.268Z,2023-04-29T11:48:09Z,4234269949,141,23.1,4234269951,212,14.7,4234269947,140,52.7,4234269943,56,Center,4234269953,213,2.7,,,,,,,,,,6k1s7y9dnzdpppppdco7bgudx,C. Bott,,,,,,,,,,,,,,,,,,,,,,,,,,
2540589033,141,1,1,16,49,28u3q82ip96ahymkup01vfxli,1,52.6,22.8,2023-04-29T11:48:09.684Z,2023-04-29T11:48:14Z,4234270295,56,Center,4234270303,213,0.6,4234270297,140,61.9,4234270301,212,12.0,4234270299,141,33.1,,,,,,,,,,d3qtg5xhiwe3zamb4mh50whjp,S. Howard,,,,,,,,,,,,,,,,,,,,,,,,,,
2540589071,142,1,1,16,54,28u3q82ip96ahymkup01vfxli,1,55.2,50.7,2023-04-29T11:48:14.652Z,2023-04-29T11:48:18Z,4234270551,141,67.3,4234270553,212,15.7,4234270555,213,2.3,4234270549,140,44.8,4234270547,56,Back,,,,,,,,,,8hmqpyniap0whyfhco0dhp3v9,A. Plumptre,,,,,,,,,,,,,,,,,,,,,,,,,,
2540589131,143,1,1,16,58,28u3q82ip96ahymkup01vfxli,1,43,70.3,2023-04-29T11:48:18.756Z,2023-04-29T11:48:24Z,4234270821,141,69.3,4234270823,212,11.3,4234270825,213,6.2,4234270817,56,Center,4234270819,140,53.7,,,,,,,,,,4r1z04gidueqs684yxeyrq8ve,C. Nevin,,,,,,,,,,,,,,,,,,,,,,,,,,
2540589193,144,1,1,17,4,28u3q82ip96ahymkup01vfxli,1,42.2,96.8,2023-04-29T11:48:23.981Z,2023-04-29T11:48:28Z,4234271111,212,13.9,4234271113,213,0,4234271105,56,Left,4234271109,141,96.8,4234271107,140,55.4,,,,,,,,,,8hmqpyniap0whyfhco0dhp3v9,A. Plumptre,,,,,,,,,,,,,,,,,,,,,,,,,,
2540589251,145,1,1,17,8,28u3q82ip96ahymkup01vfxli,1,55.4,96.8,2023-04-29T11:48:28.284Z,2023-04-29T11:48:34Z,4234271415,141,95.0,4234271411,56,Back,4234271419,213,3.2,4234271417,212,18.2,4234271413,140,38.1,,,,,,,,,,7m31qpkmuh3amb6navttdlvpx,A. Whelan,,,,,,,,,,,,,,,,,,,,,,,,,,
2540589279,146,1,1,17,14,28u3q82ip96ahymkup01vfxli,0,40.2,95.6,2023-04-29T11:48:34.757Z,2023-04-29T11:48:37Z,4234271569,141,91.8,4234271571,212,34.3,4234271573,213,6.2,4234271567,140,72.8,4234271563,155,,4234271565,56,Left,4234271575,1,,,,,8hmqpyniap0whyfhco0dhp3v9,A. Plumptre,,,,,,,,,,,,,,,,,,,,,,,,,,
2540589273,137,8,1,17,16,mjejb0x57ms54j9ry6s8njwh,1,25,10,2023-04-29T11:48:36.810Z,2023-04-29T11:48:36Z,4234271535,56,Back,,,,,,,,,,,,,,,,,,,,,,cmcx5h39wkd0cnsbq1vcob4r9,L. Robe,,,,,,,,,,,,,,,,,,,,,,,,,,
2540589299,138,5,1,17,18,mjejb0x57ms54j9ry6s8njwh,0,35.7,-2,2023-04-29T11:48:38.427Z,2023-04-29T11:48:38Z,4234271633,347,,4234271629,56,Back,,,,,,,,,,,,,,,,,,,cmcx5h39wkd0cnsbq1vcob4r9,L. Robe,,,,,,,,,,,,,,,,,,,,,,,,,,
