id,eventId,typeId,periodId,timeMin,timeSec,contestantId,outcome,x,y,timeStamp,lastModified,qualifier/0/id,qualifier/0/qualifierId,qualifier/0/value,qualifier/1/id,qualifier/1/qualifierId,qualifier/1/value,qualifier/2/id,qualifier/2/qualifierId,qualifier/2/value,qualifier/3/id,qualifier/3/qualifierId,qualifier/3/value,qualifier/4/id,qualifier/4/qualifierId,qualifier/4/value,qualifier/5/id,qualifier/5/qualifierId,qualifier/5/value,qualifier/6/id,qualifier/6/qualifierId,qualifier/6/value,qualifier/7/id,qualifier/7/qualifierId,qualifier/7/value,playerId,playerName,keyPass,qualifier/8/id,qualifier/8/qualifierId,qualifier/9/id,qualifier/9/qualifierId,qualifier/9/value,qualifier/10/id,qualifier/10/qualifierId,qualifier/11/id,qualifier/11/qualifierId,qualifier/11/value,qualifier/12/id,qualifier/12/qualifierId,qualifier/13/id,qualifier/13/qualifierId,qualifier/13/value,qualifier/14/id,qualifier/14/qualifierId,qualifier/15/id,qualifier/15/qualifierId,qualifier/15/value,qualifier/16/id,qualifier/16/qualifierId,qualifier/16/value,qualifier/10/value,qualifier/12/value,qualifier/14/value,qualifier/8/value,assist
2545182681,1,34,16,0,0,6mng5xcarvyip7ixoss7au245,1,0,0,2023-05-07T13:11:57.668Z,2023-05-07T14:14:57Z,4258738801,59,"41, 18, 11, 2, 32, 4, 19, 21, 31, 20, 26, 5, 7, 14, 16, 17, 22, 25, 28, 29",4258738803,130,8,4259013535,197,8751,4258738799,44,"1, 2, 2, 3, 2, 2, 3, 3, 4, 3, 3, 5, 5, 5, 5, 5, 5, 5, 5, 5",4258741563,194,42h5sz2axk69ifygo0wzuvr2t,4258738797,30,"do1uv3ohvyvodhcindxj76qy1, 6yoqpu952gnc6trdg6vpala6t, 42h5sz2axk69ifygo0wzuvr2t, 8etvu6b9z7sm2rg3wqkmchk9h, agqhiv0awfumj9c4sbq81hh7u, e3gddzy59fp8lidsr83vpw12i, qygwawkthmtcn3sx4ptq0e8k, 8xphahi0vi6fnh8ou88zzb6j9, 9nc0572mgpafxbjnrk55emtt6, byrtspkep316747j5mj5lyei, 3bg4ewc3n4ytybr96lc313ahh, 4ennrl7as17fnvk5c3vhhg5qs, 4663ukpnmrw6i3tm1fvzl7u1h, a3rlansc0x5sw4hg75yhpanhm, 3kofouuzii19d6w7mr7n9s2ui, 7i2liztq9k72g2lnz5i91whcl, 1tkgs09548p54arfjuufivk7o, dseqkqirdljgr63ov3461vhsl, ctt0noqy18w96i73n9pahoz55, ambjrl1ky848xbmdwsrsbjpey",4258738809,227,"0, 0, 0, 0, 0, 0, 0, 0, 0, 0, 0, 0, 0, 0, 0, 0, 0, 0, 0, 0",4258738805,131,"1, 2, 3, 4, 5, 6, 7, 8, 9, 10, 11, 0, 0, 0, 0, 0, 0, 0, 0, 0",,,,,,,,,,,,,,,,,,,,,,,,,,,,,,,
2545191409,1,34,16,0,0,eyecbfb1ur2104bhhwazhvrf,1,0,0,2023-05-07T13:17:53.269Z,2023-05-07T14:05:46Z,4258782725,44,"1, 2, 2, 3, 2, 2, 3, 3, 4, 4, 4, 5, 5, 5, 5, 5, 5, 5",4258782729,130,4,4258782731,131,"1, 2, 3, 4, 5, 6, 7, 8, 9, 10, 11, 0, 0, 0, 0, 0, 0, 0",4259034367,197,8753,4258782733,194,1oib97ihu6ofz1fvsvih0mnkl,4258782735,227,"0, 0, 0, 0, 0, 0, 0, 0, 0, 0, 0, 0, 0, 0, 0, 0, 0, 0",4258782727,59,"1, 22, 9, 17, 5, 31, 7, 10, 25, 8, 23, 2, 15, 16, 18, 21, 27, 32",4258782723,30,"cwotwuxqimldexy77lqdh2t3p, 1l4s1w66pir9xk79jp78bxnmx, 1abadnoiq5hbwpfzzyvho4vkl, epdlb32r151kz861mljb1rs9h, 1oib97ihu6ofz1fvsvih0mnkl, 25ord6k6oglqdzt77nrs19e5l, 33nggo6w6e52yqmc2pa528xd5, efynp5qo9b9x0lh9b4ft0ic8a, y7mxuyh5olv0rh5od3p2gtt5, aq30av6eea3gxh2rk7c0bzi09, 6aym6t1mr1xzv5pxvbtbn6hgp, 1mxczp7yxkjzn7umvbioobuac, az5e2aphuglamb3bts47vc00k, 9u74jd7ak8uad6lnhnthawiqd, 1lafqq1ic48v5500r8b0uprdh, 46yjl6a3rr1djzc4qu6etlrai, 5s8fprpl188pkkzn3524vph7u, eiasj63pdzevyb5i64h7jzi8k",,,,,,,,,,,,,,,,,,,,,,,,,,,,,,,
2545235451,2,32,1,0,0,eyecbfb1ur2104bhhwazhvrf,1,0,0,2023-05-07T14:01:27.757Z,2023-05-07T14:01:27Z,4259017513,127,Right to Left,,,,,,,,,,,,,,,,,,,,,,,,,,,,,,,,,,,,,,,,,,,,,,,,,,,,
2545235457,2,32,1,0,0,6mng5xcarvyip7ixoss7au245,1,0,0,2023-05-07T14:01:27.757Z,2023-05-07T14:01:29Z,4259017539,127,Left to Right,,,,,,,,,,,,,,,,,,,,,,,,,,,,,,,,,,,,,,,,,,,,,,,,,,,,
2545235471,3,1,1,0,0,eyecbfb1ur2104bhhwazhvrf,1,49.9,50.2,2023-05-07T14:01:27.857Z,2023-05-07T14:01:30Z,4259017605,140,33.2,4259017607,141,45.2,4259017609,212,17.9,4259017613,279,S,4259017611,213,3.3,4259017603,56,Back,,,,,,,y7mxuyh5olv0rh5od3p2gtt5,M. Kössler,,,,,,,,,,,,,,,,,,,,,,,,,,,,,
2545235489,4,1,1,0,2,eyecbfb1ur2104bhhwazhvrf,1,33.4,47.5,2023-05-07T14:01:30.261Z,2023-05-07T14:01:32Z,4259017693,56,Back,4259017697,141,69.6,4259017701,213,1.8,4259017695,140,30.0,4259017699,212,15.4,,,,,,,,,,epdlb32r151kz861mljb1rs9h,F. Harsch,,,,,,,,,,,,,,,,,,,,,,,,,,,,,
2545235501,5,1,1,0,4,eyecbfb1ur2104bhhwazhvrf,1,30,69.6,2023-05-07T14:01:32.309Z,2023-05-07T14:01:33Z,4259017765,212,13.8,4259017759,56,Back,4259017761,140,37.6,4259017763,141,86.2,4259017767,213,1.0,,,,,,,,,,25ord6k6oglqdzt77nrs19e5l,J. Feldkamp,,,,,,,,,,,,,,,,,,,,,,,,,,,,,
2545235523,6,1,1,0,5,eyecbfb1ur2104bhhwazhvrf,1,38.3,86.5,2023-05-07T14:01:33.733Z,2023-05-07T14:01:36Z,4259017887,213,3.9,4259017885,212,16.4,4259017883,141,69.6,4259017879,56,Back,4259017881,140,27.1,,,,,,,,,,1abadnoiq5hbwpfzzyvho4vkl,K. Naschenweng,,,,,,,,,,,,,,,,,,,,,,,,,,,,,
2545235551,7,1,1,0,8,eyecbfb1ur2104bhhwazhvrf,1,28.4,69.9,2023-05-07T14:01:36.197Z,2023-05-07T14:01:39Z,4259018053,141,35.1,4259018051,140,28.5,4259018049,56,Back,4259018055,212,23.7,4259018057,213,4.7,,,,,,,,,,25ord6k6oglqdzt77nrs19e5l,J. Feldkamp,,,,,,,,,,,,,,,,,,,,,,,,,,,,,
2545235571,8,1,1,0,11,eyecbfb1ur2104bhhwazhvrf,1,30.5,33.3,2023-05-07T14:01:39.622Z,2023-05-07T14:01:40Z,4259018113,140,40.0,4259018111,56,Back,4259018117,212,16.6,4259018115,141,13.8,4259018119,213,5.4,,,,,,,,,,1oib97ihu6ofz1fvsvih0mnkl,L. Bühler,,,,,,,,,,,,,,,,,,,,,,,,,,,,,
2545235607,9,1,1,0,13,eyecbfb1ur2104bhhwazhvrf,1,40,13.8,2023-05-07T14:01:40.773Z,2023-05-07T14:01:43Z,4259018287,56,Right,4259018293,212,20.8,4259018291,141,4.7,4259018289,140,58.9,4259018295,213,6.0,,,,,,,,,,1l4s1w66pir9xk79jp78bxnmx,S. Linder,,,,,,,,,,,,,,,,,,,,,,,,,,,,,
2545235615,10,1,1,0,16,eyecbfb1ur2104bhhwazhvrf,1,60.3,6.1,2023-05-07T14:01:43.861Z,2023-05-07T14:01:44Z,4259018341,212,22.2,4259018339,141,11.3,4259018335,56,Back,4259018337,140,39.4,4259018343,213,3.0,,,,,,,,,,aq30av6eea3gxh2rk7c0bzi09,P. Krumbiegel,,,,,,,,,,,,,,,,,,,,,,,,,,,,,
2545235629,11,1,1,0,17,eyecbfb1ur2104bhhwazhvrf,1,39.2,11.3,2023-05-07T14:01:44.837Z,2023-05-07T14:01:46Z,4259018435,213,2.4,4259018427,56,Back,4259018429,140,27.0,4259018431,141,29.2,4259018433,212,17.7,,,,,,,,,,1l4s1w66pir9xk79jp78bxnmx,S. Linder,,,,,,,,,,,,,,,,,,,,,,,,,,,,,
2545235687,12,1,1,0,18,eyecbfb1ur2104bhhwazhvrf,1,30,34,2023-05-07T14:01:46.710Z,2023-05-07T14:01:52Z,4259018781,212,24.7,4259018779,141,69.4,4259018777,140,35.4,4259018783,213,1.3,4259018775,56,Back,,,,,,,,,,1oib97ihu6ofz1fvsvih0mnkl,L. Bühler,,,,,,,,,,,,,,,,,,,,,,,,,,,,,
2545235691,13,1,1,0,24,eyecbfb1ur2104bhhwazhvrf,0,47,69.6,2023-05-07T14:01:52.534Z,2023-05-07T14:01:53Z,4259018789,56,Center,4259018795,212,17.0,4259018787,155,,4259018797,213,0.2,4259018793,141,75.0,4259018791,140,62.8,,,,,,,25ord6k6oglqdzt77nrs19e5l,J. Feldkamp,,,,,,,,,,,,,,,,,,,,,,,,,,,,,
2545235707,3,8,1,0,26,6mng5xcarvyip7ixoss7au245,1,31.7,28.5,2023-05-07T14:01:54.618Z,2023-05-07T14:01:55Z,4259018923,15,,4259018889,56,Back,,,,,,,,,,,,,,,,,,,qygwawkthmtcn3sx4ptq0e8k,A. Grincenco,,,,,,,,,,,,,,,,,,,,,,,,,,,,,
2545235731,4,49,1,0,29,6mng5xcarvyip7ixoss7au245,1,28.9,32.4,2023-05-07T14:01:57.347Z,2023-05-07T14:01:57Z,,,,,,,,,,,,,,,,,,,,,,,,,agqhiv0awfumj9c4sbq81hh7u,P. Culver,,,,,,,,,,,,,,,,,,,,,,,,,,,,,
2545235759,5,1,1,0,31,6mng5xcarvyip7ixoss7au245,0,21.6,11.3,2023-05-07T14:01:59.427Z,2023-05-07T14:02:00Z,4259019143,56,Back,4259019151,213,0,4259019149,212,0,4259019145,140,21.6,4259019147,141,11.3,,,,,,,,,,agqhiv0awfumj9c4sbq81hh7u,P. Culver,,,,,,,,,,,,,,,,,,,,,,,,,,,,,
2545235763,14,8,1,0,33,eyecbfb1ur2104bhhwazhvrf,1,69.5,86.7,2023-05-07T14:02:00.950Z,2023-05-07T14:02:01Z,4259019165,56,Left,,,,,,,,,,,,,,,,,,,,,,1abadnoiq5hbwpfzzyvho4vkl,K. Naschenweng,,,,,,,,,,,,,,,,,,,,,,,,,,,,,
2545235773,15,49,1,0,33,eyecbfb1ur2104bhhwazhvrf,1,69.9,87.2,2023-05-07T14:02:01.606Z,2023-05-07T14:02:01Z,,,,,,,,,,,,,,,,,,,,,,,,,1abadnoiq5hbwpfzzyvho4vkl,K. Naschenweng,,,,,,,,,,,,,,,,,,,,,,,,,,,,,
2545235823,16,1,1,0,34,eyecbfb1ur2104bhhwazhvrf,1,71.2,86.4,2023-05-07T14:02:02.614Z,2023-05-07T14:02:04Z,4259019379,56,Left,4259019383,141,90.9,4259019381,140,80.3,4259019387,213,0.3,4259019385,212,10.0,,,,,,,,,,1abadnoiq5hbwpfzzyvho4vkl,K. Naschenweng,,,,,,,,,,,,,,,,,,,,,,,,,,,,,
2545235897,17,1,1,0,36,eyecbfb1ur2104bhhwazhvrf,1,80.3,90.9,2023-05-07T14:02:04.246Z,2023-05-07T14:02:09Z,4259019755,213,3.9,4259019747,141,82.5,4259019751,212,8.0,4259019743,140,75.0,4259019739,56,Left,,,,,,,,,,33nggo6w6e52yqmc2pa528xd5,C. Hagel,,,,,,,,,,,,,,,,,,,,,,,,,,,,,
2545235905,18,61,1,0,41,eyecbfb1ur2104bhhwazhvrf,0,77.7,56.8,2023-05-07T14:02:09.238Z,2023-05-07T14:02:09Z,4259019787,56,Center,,,,,,,,,,,,,,,,,,,,,,6aym6t1mr1xzv5pxvbtbn6hgp,E. Memeti,,,,,,,,,,,,,,,,,,,,,,,,,,,,,
2545235909,6,49,1,0,42,6mng5xcarvyip7ixoss7au245,1,11.7,40.6,2023-05-07T14:02:10.164Z,2023-05-07T14:02:10Z,,,,,,,,,,,,,,,,,,,,,,,,,e3gddzy59fp8lidsr83vpw12i,I. Kuznetsov,,,,,,,,,,,,,,,,,,,,,,,,,,,,,
2545235923,7,1,1,0,43,6mng5xcarvyip7ixoss7au245,0,13.2,34.2,2023-05-07T14:02:10.770Z,2023-05-07T14:02:11Z,4259019895,140,19.9,4259019897,141,16.4,4259019899,212,14.0,4259019893,56,Back,4259019901,213,5.2,,,,,,,,,,e3gddzy59fp8lidsr83vpw12i,I. Kuznetsov,,,,,,,,,,,,,,,,,,,,,,,,,,,,,
2545235933,19,8,1,0,44,eyecbfb1ur2104bhhwazhvrf,1,81.2,83,2023-05-07T14:02:12.503Z,2023-05-07T14:02:12Z,4259019947,56,Left,,,,,,,,,,,,,,,,,,,,,,1abadnoiq5hbwpfzzyvho4vkl,K. Naschenweng,,,,,,,,,,,,,,,,,,,,,,,,,,,,,
2545235959,20,5,1,0,48,eyecbfb1ur2104bhhwazhvrf,0,101.6,72.2,2023-05-07T14:02:16.135Z,2023-05-07T14:02:19Z,4259020147,56,Center,4259020241,233,8,4259020149,346,,,,,,,,,,,,,,,,,1abadnoiq5hbwpfzzyvho4vkl,K. Naschenweng,,,,,,,,,,,,,,,,,,,,,,,,,,,,,
2545235969,8,5,1,0,50,6mng5xcarvyip7ixoss7au245,1,-1.6,27.8,2023-05-07T14:02:18.051Z,2023-05-07T14:02:18Z,4259020189,56,Back,4259020191,346,,4259020209,233,20,,,,,,,,,,,,,,,,e3gddzy59fp8lidsr83vpw12i,I. Kuznetsov,,,,,,,,,,,,,,,,,,,,,,,,,,,,,
2545236139,9,1,1,1,5,6mng5xcarvyip7ixoss7au245,1,3,48.7,2023-05-07T14:02:33.283Z,2023-05-07T14:02:36Z,4259021153,141,75.3,4259021161,237,,4259021151,140,9.1,4259021145,124,,4259021149,56,Back,4259021157,213,1.2,4259021155,212,19.2,,,,do1uv3ohvyvodhcindxj76qy1,A. Wellmann,,,,,,,,,,,,,,,,,,,,,,,,,,,,,
2545236155,10,1,1,1,8,6mng5xcarvyip7ixoss7au245,1,10,81.8,2023-05-07T14:02:36.371Z,2023-05-07T14:02:38Z,4259021227,212,9.9,4259021225,141,94.8,4259021229,213,1.1,4259021223,140,14.2,4259021221,56,Back,,,,,,,,,,e3gddzy59fp8lidsr83vpw12i,I. Kuznetsov,,,,,,,,,,,,,,,,,,,,,,,,,,,,,
2545236175,11,1,1,1,10,6mng5xcarvyip7ixoss7au245,0,14,94.7,2023-05-07T14:02:38.227Z,2023-05-07T14:02:39Z,4259021325,140,37.2,4259021327,141,95.7,4259021329,212,24.4,4259021331,213,0.0,4259021323,56,Back,,,,,,,,,,42h5sz2axk69ifygo0wzuvr2t,J. Cramer,,,,,,,,,,,,,,,,,,,,,,,,,,,,,
2545236181,21,8,1,1,12,eyecbfb1ur2104bhhwazhvrf,1,71.1,12.5,2023-05-07T14:02:40.520Z,2023-05-07T14:02:40Z,4259021347,56,Right,,,,,,,,,,,,,,,,,,,,,,1l4s1w66pir9xk79jp78bxnmx,S. Linder,,,,,,,,,,,,,,,,,,,,,,,,,,,,,
2545236197,22,49,1,1,14,eyecbfb1ur2104bhhwazhvrf,1,72.6,9.4,2023-05-07T14:02:41.943Z,2023-05-07T14:02:42Z,,,,,,,,,,,,,,,,,,,,,,,,,efynp5qo9b9x0lh9b4ft0ic8a,G. Corley,,,,,,,,,,,,,,,,,,,,,,,,,,,,,
2545236221,23,1,1,1,14,eyecbfb1ur2104bhhwazhvrf,1,72.6,9.4,2023-05-07T14:02:42.167Z,2023-05-07T14:02:44Z,4259021545,212,1.8,4259021547,213,3.3,4259021539,56,Right,4259021541,140,70.9,4259021543,141,9.1,,,,,,,,,,efynp5qo9b9x0lh9b4ft0ic8a,G. Corley,,,,,,,,,,,,,,,,,,,,,,,,,,,,,
2545236237,24,3,1,1,16,eyecbfb1ur2104bhhwazhvrf,0,70,8.4,2023-05-07T14:02:44.423Z,2023-05-07T14:02:45Z,4259021623,56,Right,4259021625,286,,4259021675,233,12,,,,,,,,,,,,,,,,1l4s1w66pir9xk79jp78bxnmx,S. Linder,,,,,,,,,,,,,,,,,,,,,,,,,,,,,
2545236229,12,7,1,1,16,6mng5xcarvyip7ixoss7au245,0,30,91.6,2023-05-07T14:02:44.424Z,2023-05-07T14:04:13Z,4259021653,233,24,4259021597,285,,4259021595,56,Back,,,,,,,,,,,,,,,,byrtspkep316747j5mj5lyei,N. Selimhodzic,,,,,,,,,,,,,,,,,,,,,,,,,,,,,
2545236301,25,1,1,1,19,eyecbfb1ur2104bhhwazhvrf,1,63.6,10,2023-05-07T14:02:47.719Z,2023-05-07T14:02:50Z,4259021919,141,10.0,4259021921,212,27.5,4259021917,140,37.4,4259021915,56,Back,4259021923,213,3.1,,,,,,,,,,1l4s1w66pir9xk79jp78bxnmx,S. Linder,,,,,,,,,,,,,,,,,,,,,,,,,,,,,
2545236337,26,1,1,1,22,eyecbfb1ur2104bhhwazhvrf,1,37.9,10.9,2023-05-07T14:02:50.135Z,2023-05-07T14:02:55Z,4259022123,213,2.4,4259022115,56,Back,4259022119,141,45.1,4259022121,212,32.8,4259022117,140,15.9,4259022125,1,,,,,,,,1oib97ihu6ofz1fvsvih0mnkl,L. Bühler,,,,,,,,,,,,,,,,,,,,,,,,,,,,,
2545236401,27,1,1,1,27,eyecbfb1ur2104bhhwazhvrf,1,15.6,45.1,2023-05-07T14:02:54.919Z,2023-05-07T14:03:00Z,4259022419,212,20.2,4259022415,141,63.0,4259022423,213,0.6,4259022407,56,Back,4259022411,140,30.9,,,,,,,,,,cwotwuxqimldexy77lqdh2t3p,M. Tufeković,,,,,,,,,,,,,,,,,,,,,,,,,,,,,
2545236437,28,1,1,1,32,eyecbfb1ur2104bhhwazhvrf,1,30.1,64.5,2023-05-07T14:03:00.135Z,2023-05-07T14:03:03Z,4259022609,141,29.5,4259022605,56,Back,4259022607,140,41.5,4259022613,213,5.2,4259022611,212,26.6,,,,,,,,,,25ord6k6oglqdzt77nrs19e5l,J. Feldkamp,,,,,,,,,,,,,,,,,,,,,,,,,,,,,
2545236461,29,1,1,1,36,eyecbfb1ur2104bhhwazhvrf,0,42.4,22.3,2023-05-07T14:03:03.784Z,2023-05-07T14:03:05Z,4259022745,1,,4259022733,155,,4259022737,140,85.1,4259022735,56,Center,4259022741,212,47.9,4259022739,141,47.3,4259022743,213,0.4,,,,1l4s1w66pir9xk79jp78bxnmx,S. Linder,,,,,,,,,,,,,,,,,,,,,,,,,,,,,
2545236481,13,44,1,1,38,6mng5xcarvyip7ixoss7au245,1,21.6,54.8,2023-05-07T14:03:06.388Z,2023-05-07T14:04:08Z,4259022811,285,,4259022809,56,Back,,,,,,,,,,,,,,,,,,,e3gddzy59fp8lidsr83vpw12i,I. Kuznetsov,,,,,,,,,,,,,,,,,,,,,,,,,,,,,
2545236485,14,1,1,1,38,6mng5xcarvyip7ixoss7au245,0,21.6,54.8,2023-05-07T14:03:06.709Z,2023-05-07T14:03:07Z,4259022833,141,61.8,4259022831,140,27.8,4259022829,56,Back,4259022837,213,0.6,4259022827,3,,4259022835,212,8.1,,,,,,,e3gddzy59fp8lidsr83vpw12i,I. Kuznetsov,,,,,,,,,,,,,,,,,,,,,,,,,,,,,
2545236523,30,3,1,1,41,eyecbfb1ur2104bhhwazhvrf,0,78.2,40,2023-05-07T14:03:09.528Z,2023-05-07T14:05:58Z,4259023017,56,Center,4259023019,286,,4259023133,233,15,,,,,,,,,,,,,,,,33nggo6w6e52yqmc2pa528xd5,C. Hagel,1,,,,,,,,,,,,,,,,,,,,,,,,,,,,
2545236545,15,7,1,1,41,6mng5xcarvyip7ixoss7au245,0,21.8,60,2023-05-07T14:03:09.529Z,2023-05-07T14:03:11Z,4259023121,233,30,4259023101,56,Back,4259023103,285,,,,,,,,,,,,,,,,,8etvu6b9z7sm2rg3wqkmchk9h,M. Rouse,,,,,,,,,,,,,,,,,,,,,,,,,,,,,
2545236559,31,15,1,1,43,eyecbfb1ur2104bhhwazhvrf,1,78.4,47.8,2023-05-07T14:03:11.481Z,2023-05-07T14:05:36Z,4259033563,154,,4259023159,22,,4259033123,233,16,4259033573,215,,4259033579,230,97.5,4259023161,18,,4259033569,102,51.7,4259033581,231,51.6,y7mxuyh5olv0rh5od3p2gtt5,M. Kössler,,4259033561,29,4259033577,147,48.4,4259033083,82,4259033571,103,19,4259033079,20,4259033575,146,81.6,4259033559,78,4259023163,56,Center,4259033565,55,30,,,,,
2545236561,16,10,1,1,43,6mng5xcarvyip7ixoss7au245,1,22.7,55.2,2023-05-07T14:03:11.581Z,2023-05-07T14:05:31Z,4259023179,94,,4259033137,233,31,4259023181,56,Back,,,,,,,,,,,,,,,,e3gddzy59fp8lidsr83vpw12i,I. Kuznetsov,,,,,,,,,,,,,,,,,,,,,,,,,,,,,
2545236605,17,49,1,1,46,6mng5xcarvyip7ixoss7au245,1,23.5,40,2023-05-07T14:03:14.421Z,2023-05-07T14:03:14Z,,,,,,,,,,,,,,,,,,,,,,,,,agqhiv0awfumj9c4sbq81hh7u,P. Culver,,,,,,,,,,,,,,,,,,,,,,,,,,,,,
2545236645,18,1,1,1,46,6mng5xcarvyip7ixoss7au245,1,23.5,40,2023-05-07T14:03:14.598Z,2023-05-07T14:03:16Z,4259023565,213,2.9,4259023559,140,3.4,4259023557,56,Back,4259023561,141,48.1,4259023563,212,21.8,,,,,,,,,,agqhiv0awfumj9c4sbq81hh7u,P. Culver,,,,,,,,,,,,,,,,,,,,,,,,,,,,,
2545236701,19,1,1,1,48,6mng5xcarvyip7ixoss7au245,1,3.5,47.9,2023-05-07T14:03:16.644Z,2023-05-07T14:03:21Z,4259023861,157,,4259023863,56,Back,4259023867,141,40.7,4259023871,213,6.2,4259023873,1,,4259023869,212,40.5,4259023865,140,41.8,,,,do1uv3ohvyvodhcindxj76qy1,A. Wellmann,,,,,,,,,,,,,,,,,,,,,,,,,,,,,
2545236735,20,1,1,1,54,6mng5xcarvyip7ixoss7au245,1,42.6,36,2023-05-07T14:03:21.861Z,2023-05-07T14:03:24Z,4259024023,213,3.0,4259024017,140,37.2,4259024015,56,Back,4259024021,212,5.7,4259024019,141,37.4,,,,,,,,,,9nc0572mgpafxbjnrk55emtt6,J. De Filippo,,,,,,,,,,,,,,,,,,,,,,,,,,,,,
2545236817,21,1,1,1,56,6mng5xcarvyip7ixoss7au245,1,37.2,37.4,2023-05-07T14:03:24.741Z,2023-05-07T14:03:30Z,4259024499,213,0.7,4259024495,141,95.3,4259024489,155,,4259024491,56,Left,4259024493,140,82.0,4259024497,212,61.3,4259024501,1,,,,,8xphahi0vi6fnh8ou88zzb6j9,A. Gerhardt,,,,,,,,,,,,,,,,,,,,,,,,,,,,,
2545236859,22,1,1,2,2,6mng5xcarvyip7ixoss7au245,1,88.5,93.2,2023-05-07T14:03:30.229Z,2023-05-07T14:03:34Z,4259024765,213,3.5,4259024759,140,74.3,4259024763,212,15.8,4259024761,141,85.6,4259024757,56,Left,,,,,,,,,,3bg4ewc3n4ytybr96lc313ahh,M. Wiankowska,,,,,,,,,,,,,,,,,,,,,,,,,,,,,
2545236875,23,1,1,2,6,6mng5xcarvyip7ixoss7au245,1,74.3,85.6,2023-05-07T14:03:34.293Z,2023-05-07T14:03:59Z,4259024923,213,2.0,4259024915,56,Left,4259024919,141,93.9,4259024921,212,6.2,4259024917,140,71.9,,,,,,,,,,8xphahi0vi6fnh8ou88zzb6j9,A. Gerhardt,,,,,,,,,,,,,,,,,,,,,,,,,,,,,
2545236879,24,1,1,2,8,6mng5xcarvyip7ixoss7au245,0,71.9,93.9,2023-05-07T14:03:36.485Z,2023-05-07T14:03:57Z,4259024949,212,38.5,4259024945,140,99.1,4259024951,213,5.5,4259024953,1,,4259024939,2,,4259024947,141,56.0,4259024943,56,Center,4259024941,155,,42h5sz2axk69ifygo0wzuvr2t,J. Cramer,,,,,,,,,,,,,,,,,,,,,,,,,,,,,
2545236885,32,52,1,2,9,eyecbfb1ur2104bhhwazhvrf,1,6.6,36.8,2023-05-07T14:03:37.704Z,2023-05-07T14:03:37Z,,,,,,,,,,,,,,,,,,,,,,,,,cwotwuxqimldexy77lqdh2t3p,M. Tufeković,,,,,,,,,,,,,,,,,,,,,,,,,,,,,
2545237003,33,1,1,2,16,eyecbfb1ur2104bhhwazhvrf,1,9.4,43.1,2023-05-07T14:03:44.026Z,2023-05-07T14:03:46Z,4259025609,141,71.9,4259025605,56,Back,4259025607,140,20.2,4259025613,213,1.0,4259025603,123,,4259025611,212,22.6,,,,,,,cwotwuxqimldexy77lqdh2t3p,M. Tufeković,,,,,,,,,,,,,,,,,,,,,,,,,,,,,
2545237049,34,1,1,2,18,eyecbfb1ur2104bhhwazhvrf,1,19.4,71.6,2023-05-07T14:03:46.122Z,2023-05-07T14:03:49Z,4259025915,56,Back,4259025917,140,11.2,4259025919,141,50.7,4259025923,212,16.6,4259025927,213,4.2,,,,,,,,,,25ord6k6oglqdzt77nrs19e5l,J. Feldkamp,,,,,,,,,,,,,,,,,,,,,,,,,,,,,
2545237093,35,1,1,2,21,eyecbfb1ur2104bhhwazhvrf,1,11.2,49.9,2023-05-07T14:03:49.369Z,2023-05-07T14:03:52Z,4259026153,56,Back,4259026161,213,5.3,4259026157,141,34.3,4259026159,212,13.1,4259026155,140,18.5,,,,,,,,,,cwotwuxqimldexy77lqdh2t3p,M. Tufeković,,,,,,,,,,,,,,,,,,,,,,,,,,,,,
2545237119,36,1,1,2,24,eyecbfb1ur2104bhhwazhvrf,1,19.1,34.1,2023-05-07T14:03:52.377Z,2023-05-07T14:03:55Z,4259026333,56,Back,4259026335,140,29.6,4259026337,141,18.8,4259026339,212,15.2,4259026341,213,5.5,,,,,,,,,,1oib97ihu6ofz1fvsvih0mnkl,L. Bühler,,,,,,,,,,,,,,,,,,,,,,,,,,,,,
2545237159,37,1,1,2,27,eyecbfb1ur2104bhhwazhvrf,1,32.4,20,2023-05-07T14:03:55.225Z,2023-05-07T14:03:58Z,4259026643,140,23.1,4259026641,56,Back,4259026653,213,2.3,4259026645,141,37.6,4259026649,212,15.4,,,,,,,,,,1l4s1w66pir9xk79jp78bxnmx,S. Linder,,,,,,,,,,,,,,,,,,,,,,,,,,,,,
2545237207,38,1,1,2,31,eyecbfb1ur2104bhhwazhvrf,1,18.9,45.2,2023-05-07T14:03:58.825Z,2023-05-07T14:05:55Z,4259026997,140,28.3,4259026995,56,Back,4259026999,141,63.9,4259027001,212,16.1,4259027003,213,0.9,,,,,,,,,,cwotwuxqimldexy77lqdh2t3p,M. Tufeković,,,,,,,,,,,,,,,,,,,,,,,,,,,,,
2545237241,39,1,1,2,35,eyecbfb1ur2104bhhwazhvrf,1,30.3,70.2,2023-05-07T14:04:03.705Z,2023-05-07T14:04:07Z,4259027173,141,49.1,4259027171,140,29.6,4259027169,56,Back,4259027175,212,14.4,4259027177,213,4.7,,,,,,,,,,25ord6k6oglqdzt77nrs19e5l,J. Feldkamp,,,,,,,,,,,,,,,,,,,,,,,,,,,,,
2545237275,40,1,1,2,39,eyecbfb1ur2104bhhwazhvrf,1,28.8,50.9,2023-05-07T14:04:06.953Z,2023-05-07T14:04:09Z,4259027361,140,43.0,4259027363,141,33.7,4259027367,213,5.6,4259027359,56,Back,4259027365,212,19.0,,,,,,,,,,1oib97ihu6ofz1fvsvih0mnkl,L. Bühler,,,,,,,,,,,,,,,,,,,,,,,,,,,,,
2545237325,41,1,1,2,41,eyecbfb1ur2104bhhwazhvrf,1,43,33.7,2023-05-07T14:04:09.241Z,2023-05-07T14:04:12Z,4259027535,213,3.8,4259027527,56,Back,4259027531,141,20.5,4259027533,212,14.3,4259027529,140,32.4,,,,,,,,,,efynp5qo9b9x0lh9b4ft0ic8a,G. Corley,,,,,,,,,,,,,,,,,,,,,,,,,,,,,
2545237345,42,1,1,2,44,eyecbfb1ur2104bhhwazhvrf,1,32.1,19,2023-05-07T14:04:12.361Z,2023-05-07T14:04:13Z,4259027599,141,44.0,4259027597,140,9.0,4259027595,56,Back,4259027601,212,29.6,4259027603,213,2.5,,,,,,,,,,1l4s1w66pir9xk79jp78bxnmx,S. Linder,,,,,,,,,,,,,,,,,,,,,,,,,,,,,
2545237373,43,1,1,2,45,eyecbfb1ur2104bhhwazhvrf,1,9,44,2023-05-07T14:04:13.498Z,2023-05-07T14:04:16Z,4259027825,140,26.0,4259027827,141,70.1,4259027835,213,0.8,4259027821,56,Back,4259027831,212,25.2,,,,,,,,,,cwotwuxqimldexy77lqdh2t3p,M. Tufeković,,,,,,,,,,,,,,,,,,,,,,,,,,,,,
2545237421,44,1,1,2,48,eyecbfb1ur2104bhhwazhvrf,1,28.9,71.6,2023-05-07T14:04:16.330Z,2023-05-07T14:04:20Z,4259028193,140,42.9,4259028191,56,Back,4259028195,141,87.5,4259028197,212,18.2,4259028199,213,0.6,,,,,,,,,,25ord6k6oglqdzt77nrs19e5l,J. Feldkamp,,,,,,,,,,,,,,,,,,,,,,,,,,,,,
2545237503,45,1,1,2,52,eyecbfb1ur2104bhhwazhvrf,1,54.5,85.1,2023-05-07T14:04:20.345Z,2023-05-07T14:04:26Z,4259028659,141,82.2,4259028655,56,Left,4259028661,212,29.2,4259028663,213,6.2,4259028657,140,82.2,,,,,,,,,,1abadnoiq5hbwpfzzyvho4vkl,K. Naschenweng,,,,,,,,,,,,,,,,,,,,,,,,,,,,,
2545237517,46,3,1,2,58,eyecbfb1ur2104bhhwazhvrf,0,90.2,81.9,2023-05-07T14:04:26.010Z,2023-05-07T14:04:27Z,4259028709,56,Left,4259028711,286,,4259028713,211,,,,,,,,,,,,,,,,,33nggo6w6e52yqmc2pa528xd5,C. Hagel,,,,,,,,,,,,,,,,,,,,,,,,,,,,,
2545237561,47,1,1,3,1,eyecbfb1ur2104bhhwazhvrf,1,86,82.7,2023-05-07T14:04:28.825Z,2023-05-07T14:04:30Z,4259029007,56,Left,4259029011,141,85.4,4259029013,212,10.8,4259029015,213,3.0,4259029009,140,75.9,,,,,,,,,,33nggo6w6e52yqmc2pa528xd5,C. Hagel,,,,,,,,,,,,,,,,,,,,,,,,,,,,,
2545237609,48,1,1,3,2,eyecbfb1ur2104bhhwazhvrf,1,76.9,85.1,2023-05-07T14:04:30.330Z,2023-05-07T14:04:34Z,4259029259,213,0.1,4259029255,141,86.9,4259029253,140,86.3,4259029251,56,Left,4259029257,212,9.9,,,,,,,,,,1abadnoiq5hbwpfzzyvho4vkl,K. Naschenweng,,,,,,,,,,,,,,,,,,,,,,,,,,,,,
2545237659,49,1,1,3,6,eyecbfb1ur2104bhhwazhvrf,1,85.6,87.3,2023-05-07T14:04:33.866Z,2023-05-07T14:04:36Z,4259029477,140,67.4,4259029483,213,3.2,4259029475,56,Left,4259029479,141,84.9,4259029481,212,19.2,,,,,,,,,,33nggo6w6e52yqmc2pa528xd5,C. Hagel,,,,,,,,,,,,,,,,,,,,,,,,,,,,,
2545237685,50,1,1,3,8,eyecbfb1ur2104bhhwazhvrf,1,67.4,84.8,2023-05-07T14:04:36.554Z,2023-05-07T14:04:39Z,4259029641,212,18.5,4259029639,141,58.2,4259029635,56,Center,4259029637,140,63.7,4259029643,213,4.5,,,,,,,,,,25ord6k6oglqdzt77nrs19e5l,J. Feldkamp,,,,,,,,,,,,,,,,,,,,,,,,,,,,,
2545237713,51,1,1,3,12,eyecbfb1ur2104bhhwazhvrf,1,66,32.4,2023-05-07T14:04:39.850Z,2023-05-07T14:09:34Z,4259029809,56,Center,4259054481,212,9.2,4259029813,141,35.3,4259029811,140,74.6,4259054485,213,0.2,,,,,,,,,,epdlb32r151kz861mljb1rs9h,F. Harsch,,,,,,,,,,,,,,,,,,,,,,,,,,,,,
2545242055,100,2,1,3,13,eyecbfb1ur2104bhhwazhvrf,1,74.2,29,2023-05-07T14:04:41.753Z,2023-05-07T14:09:29Z,4259053259,140,91.8,4259053265,141,54.5,4259053253,56,Center,4259054221,8,,4259054223,7,y7mxuyh5olv0rh5od3p2gtt5,,,,,,,,,,1l4s1w66pir9xk79jp78bxnmx,S. Linder,,,,,,,,,,,,,,,,,,,,,,,,,,,,,
2545237751,52,43,1,3,16,eyecbfb1ur2104bhhwazhvrf,1,0,0,2023-05-07T14:04:44.524Z,2023-05-07T14:04:52Z,4259030041,22,0,4259030043,18,0,4259030045,56,Center,4259030375,144,38,,,,,,,,,,,,,1l4s1w66pir9xk79jp78bxnmx,S. Linder,,,,,,,,,,,,,,,,,,,,,,,,,,,,,
2545237925,30,55,1,3,33,6mng5xcarvyip7ixoss7au245,1,12.7,32.1,2023-05-07T14:05:01.252Z,2023-05-07T14:05:01Z,,,,,,,,,,,,,,,,,,,,,,,,,agqhiv0awfumj9c4sbq81hh7u,P. Culver,,,,,,,,,,,,,,,,,,,,,,,,,,,,,
2545238077,31,1,1,3,42,6mng5xcarvyip7ixoss7au245,0,13.3,46.6,2023-05-07T14:05:10.708Z,2023-05-07T14:05:12Z,4259031681,157,,4259031693,213,0.0,4259031683,241,,4259031677,5,,4259031691,212,45.0,4259031689,141,49.7,4259031685,56,Center,4259031687,140,56.1,do1uv3ohvyvodhcindxj76qy1,A. Wellmann,,4259031697,1,,,,,,,,,,,,,,,,,,,,,,,,,,
2545238233,53,1,1,3,45,eyecbfb1ur2104bhhwazhvrf,1,35.7,50.9,2023-05-07T14:05:12.843Z,2023-05-07T14:05:22Z,4259032471,213,0.3,4259032465,140,57.0,4259032467,141,62.3,4259032469,212,23.7,4259032463,56,Center,,,,,,,,,,25ord6k6oglqdzt77nrs19e5l,J. Feldkamp,,,,,,,,,,,,,,,,,,,,,,,,,,,,,
2545238237,54,4,1,3,54,eyecbfb1ur2104bhhwazhvrf,1,45,69.8,2023-05-07T14:05:22.637Z,2023-05-07T14:05:25Z,4259032487,56,Back,4259032705,233,32,4259032491,265,,4259032493,286,,4259032485,13,,4259032489,152,,,,,,,,6aym6t1mr1xzv5pxvbtbn6hgp,E. Memeti,,,,,,,,,,,,,,,,,,,,,,,,,,,,,
2545238269,32,4,1,3,54,6mng5xcarvyip7ixoss7au245,0,55,30.2,2023-05-07T14:05:22.638Z,2023-05-07T14:05:25Z,4259032725,233,54,4259032657,13,,4259032663,265,,4259032661,152,,4259032665,285,,4259032659,56,Center,,,,,,,6yoqpu952gnc6trdg6vpala6t,W. Meister,,,,,,,,,,,,,,,,,,,,,,,,,,,,,
2545238427,55,1,1,4,10,eyecbfb1ur2104bhhwazhvrf,1,26.2,66.2,2023-05-07T14:05:37.852Z,2023-05-07T14:05:38Z,4259033705,56,Back,4259033709,141,18.5,4259033715,1,,4259033713,213,5.1,4259033701,5,,4259033711,212,34.6,4259033703,152,,4259033707,140,37.7,25ord6k6oglqdzt77nrs19e5l,J. Feldkamp,,,,,,,,,,,,,,,,,,,,,,,,,,,,,
2545238445,56,1,1,4,11,eyecbfb1ur2104bhhwazhvrf,1,37.7,18.5,2023-05-07T14:05:38.812Z,2023-05-07T14:05:40Z,4259033807,56,Right,4259033813,212,30.5,4259033811,141,16.4,4259033809,140,66.7,4259033815,213,6.2,,,,,,,,,,1l4s1w66pir9xk79jp78bxnmx,S. Linder,,,,,,,,,,,,,,,,,,,,,,,,,,,,,
2545238487,57,1,1,4,12,eyecbfb1ur2104bhhwazhvrf,0,67.3,18.8,2023-05-07T14:05:40.364Z,2023-05-07T14:05:43Z,4259034053,212,23.2,4259034051,141,13.7,4259034047,56,Right,4259034049,140,89.1,4259034055,213,6.1,,,,,,,,,,efynp5qo9b9x0lh9b4ft0ic8a,G. Corley,,,,,,,,,,,,,,,,,,,,,,,,,,,,,
2545238489,33,49,1,4,15,6mng5xcarvyip7ixoss7au245,1,8,82.3,2023-05-07T14:05:43.284Z,2023-05-07T14:05:43Z,,,,,,,,,,,,,,,,,,,,,,,,,42h5sz2axk69ifygo0wzuvr2t,J. Cramer,,,,,,,,,,,,,,,,,,,,,,,,,,,,,
2545238561,34,1,1,4,17,6mng5xcarvyip7ixoss7au245,0,7.7,97.7,2023-05-07T14:05:45.381Z,2023-05-07T14:05:48Z,4259034499,56,Back,4259034503,141,96.5,4259034501,140,21.3,4259034505,212,14.3,4259034507,213,6.2,,,,,,,,,,42h5sz2axk69ifygo0wzuvr2t,J. Cramer,,,,,,,,,,,,,,,,,,,,,,,,,,,,,
2545238613,58,8,1,4,23,eyecbfb1ur2104bhhwazhvrf,1,83,4,2023-05-07T14:05:51.101Z,2023-05-07T14:05:51Z,4259034773,56,Right,,,,,,,,,,,,,,,,,,,,,,efynp5qo9b9x0lh9b4ft0ic8a,G. Corley,,,,,,,,,,,,,,,,,,,,,,,,,,,,,
2545238623,59,5,1,4,23,eyecbfb1ur2104bhhwazhvrf,0,82,-1.4,2023-05-07T14:05:51.741Z,2023-05-07T14:06:05Z,4259034829,56,Right,4259034831,347,,4259035789,233,35,,,,,,,,,,,,,,,,efynp5qo9b9x0lh9b4ft0ic8a,G. Corley,,,,,,,,,,,,,,,,,,,,,,,,,,,,,
2545238801,35,5,1,4,24,6mng5xcarvyip7ixoss7au245,1,18,101.4,2023-05-07T14:05:52.084Z,2023-05-07T14:06:05Z,4259035771,347,,4259035769,56,Back,4259035785,233,59,,,,,,,,,,,,,,,,42h5sz2axk69ifygo0wzuvr2t,J. Cramer,,,,,,,,,,,,,,,,,,,,,,,,,,,,,
2545238815,36,1,1,4,37,6mng5xcarvyip7ixoss7au245,0,20.2,100,2023-05-07T14:06:05.652Z,2023-05-07T14:06:06Z,4259035823,56,Back,4259035821,107,,4259035833,212,16.4,4259035835,213,6.0,4259035829,141,95.6,4259035825,140,35.3,,,,,,,42h5sz2axk69ifygo0wzuvr2t,J. Cramer,,,,,,,,,,,,,,,,,,,,,,,,,,,,,
2545238841,60,1,1,4,39,eyecbfb1ur2104bhhwazhvrf,0,64.8,8.3,2023-05-07T14:06:07.036Z,2023-05-07T14:06:07Z,4259035939,141,0.0,4259035941,212,16.0,4259035937,140,78.8,4259035935,56,Right,4259035943,213,5.9,,,,,,,,,,1l4s1w66pir9xk79jp78bxnmx,S. Linder,,,,,,,,,,,,,,,,,,,,,,,,,,,,,
2545238849,61,43,1,4,39,eyecbfb1ur2104bhhwazhvrf,1,0,0,2023-05-07T14:06:07.735Z,2023-05-07T14:06:13Z,4259036331,144,5,4259035979,56,Right,4259035981,347,0,,,,,,,,,,,,,,,,1l4s1w66pir9xk79jp78bxnmx,S. Linder,,,,,,,,,,,,,,,,,,,,,,,,,,,,,
2545238871,37,1,1,4,41,6mng5xcarvyip7ixoss7au245,0,13.2,95.9,2023-05-07T14:06:09.109Z,2023-05-07T14:06:09Z,4259036109,56,Back,4259036117,213,0.1,4259036115,212,5.0,4259036113,141,96.8,4259036111,140,17.9,,,,,,,,,,42h5sz2axk69ifygo0wzuvr2t,J. Cramer,,,,,,,,,,,,,,,,,,,,,,,,,,,,,
2545238887,62,61,1,4,43,eyecbfb1ur2104bhhwazhvrf,1,76.1,8.8,2023-05-07T14:06:10.917Z,2023-05-07T14:06:11Z,4259036181,56,Right,,,,,,,,,,,,,,,,,,,,,,aq30av6eea3gxh2rk7c0bzi09,P. Krumbiegel,,,,,,,,,,,,,,,,,,,,,,,,,,,,,
2545238917,38,1,1,4,45,6mng5xcarvyip7ixoss7au245,0,9.2,87.5,2023-05-07T14:06:12.773Z,2023-05-07T14:06:13Z,4259036347,56,Back,4259036355,213,0.5,4259036349,140,23.3,4259036345,157,,4259036357,1,,4259036353,212,17.3,4259036351,141,100.0,,,,e3gddzy59fp8lidsr83vpw12i,I. Kuznetsov,,,,,,,,,,,,,,,,,,,,,,,,,,,,,
2545238921,39,5,1,4,45,6mng5xcarvyip7ixoss7au245,0,23.8,100.9,2023-05-07T14:06:13.581Z,2023-05-07T14:06:20Z,4259036821,233,63,4259036373,56,Back,4259036375,347,,,,,,,,,,,,,,,,,e3gddzy59fp8lidsr83vpw12i,I. Kuznetsov,,,,,,,,,,,,,,,,,,,,,,,,,,,,,
2545239001,63,5,1,4,47,eyecbfb1ur2104bhhwazhvrf,1,76.2,-0.9,2023-05-07T14:06:14.828Z,2023-05-07T14:06:20Z,4259036749,347,,4259036747,56,Right,4259036777,233,39,,,,,,,,,,,,,,,,aq30av6eea3gxh2rk7c0bzi09,P. Krumbiegel,,,,,,,,,,,,,,,,,,,,,,,,,,,,,
2545239047,64,1,1,4,52,eyecbfb1ur2104bhhwazhvrf,1,75.8,0,2023-05-07T14:06:19.885Z,2023-05-07T14:06:23Z,4259037017,212,15.7,4259037013,140,86.7,4259037011,56,Right,4259037009,107,,4259037019,213,0.8,4259037015,141,14.8,,,,,,,1l4s1w66pir9xk79jp78bxnmx,S. Linder,,,,,,,,,,,,,,,,,,,,,,,,,,,,,
2545239067,65,1,1,4,55,eyecbfb1ur2104bhhwazhvrf,0,86.7,14.8,2023-05-07T14:06:23.052Z,2023-05-07T14:06:24Z,4259037165,56,Center,4259037169,141,31.4,4259037163,168,,4259037161,3,,4259037173,213,1.2,4259037171,212,12.4,4259037167,140,91.5,,,,y7mxuyh5olv0rh5od3p2gtt5,M. Kössler,,,,,,,,,,,,,,,,,,,,,,,,,,,,,
2545239097,40,1,1,4,56,6mng5xcarvyip7ixoss7au245,1,8.8,63.4,2023-05-07T14:06:24.422Z,2023-05-07T14:06:27Z,4259037339,213,1.1,4259037335,141,68.8,4259037333,140,10.4,4259037331,56,Back,4259037329,157,,4259037341,1,,4259037337,212,4.0,,,,agqhiv0awfumj9c4sbq81hh7u,P. Culver,,,,,,,,,,,,,,,,,,,,,,,,,,,,,
2545239103,41,49,1,4,59,6mng5xcarvyip7ixoss7au245,1,10.4,68.8,2023-05-07T14:06:27.414Z,2023-05-07T14:06:27Z,,,,,,,,,,,,,,,,,,,,,,,,,8etvu6b9z7sm2rg3wqkmchk9h,M. Rouse,,,,,,,,,,,,,,,,,,,,,,,,,,,,,
2545239185,42,1,1,4,59,6mng5xcarvyip7ixoss7au245,1,10.4,68.8,2023-05-07T14:06:27.654Z,2023-05-07T14:06:31Z,4259037763,140,31.3,4259037767,141,76.4,4259037771,213,0.2,4259037769,212,22.5,4259037759,56,Back,,,,,,,,,,8etvu6b9z7sm2rg3wqkmchk9h,M. Rouse,,,,,,,,,,,,,,,,,,,,,,,,,,,,,
2545239257,43,1,1,5,3,6mng5xcarvyip7ixoss7au245,1,34,74.4,2023-05-07T14:06:31.062Z,2023-05-07T14:06:35Z,4259038155,56,Back,4259038159,141,63.7,4259038157,140,49.4,4259038161,212,17.7,4259038163,213,5.9,,,,,,,,,,8xphahi0vi6fnh8ou88zzb6j9,A. Gerhardt,,,,,,,,,,,,,,,,,,,,,,,,,,,,,
2545239311,44,1,1,5,7,6mng5xcarvyip7ixoss7au245,1,49.6,63.7,2023-05-07T14:06:35.046Z,2023-05-07T14:06:45Z,4259038399,56,Center,4259038407,213,0.6,4259038405,212,7.7,4259038403,141,69.7,4259038401,140,55.8,,,,,,,,,,9nc0572mgpafxbjnrk55emtt6,J. De Filippo,,,,,,,,,,,,,,,,,,,,,,,,,,,,,
2545239331,45,1,1,5,9,6mng5xcarvyip7ixoss7au245,1,57,70.5,2023-05-07T14:06:37.557Z,2023-05-07T14:06:38Z,4259038525,141,92.9,4259038527,212,16.6,4259038529,213,1.2,4259038521,56,Left,4259038523,140,63.3,,,,,,,,,,8xphahi0vi6fnh8ou88zzb6j9,A. Gerhardt,,,,,,,,,,,,,,,,,,,,,,,,,,,,,
2545239359,46,1,1,5,11,6mng5xcarvyip7ixoss7au245,0,63.3,92.9,2023-05-07T14:06:38.806Z,2023-05-07T14:06:40Z,4259038651,212,28.8,4259038653,213,6.0,4259038645,56,Left,4259038647,140,89.8,4259038649,141,81.7,,,,,,,,,,3bg4ewc3n4ytybr96lc313ahh,M. Wiankowska,,,,,,,,,,,,,,,,,,,,,,,,,,,,,
2545239339,66,49,1,5,11,eyecbfb1ur2104bhhwazhvrf,1,12.4,14.5,2023-05-07T14:06:39.454Z,2023-05-07T14:06:39Z,,,,,,,,,,,,,,,,,,,,,,,,,1oib97ihu6ofz1fvsvih0mnkl,L. Bühler,,,,,,,,,,,,,,,,,,,,,,,,,,,,,
2545239387,67,1,1,5,12,eyecbfb1ur2104bhhwazhvrf,1,10.6,14.6,2023-05-07T14:06:40.333Z,2023-05-07T14:06:42Z,4259038795,140,5.4,4259038797,141,48.2,4259038799,212,23.5,4259038801,213,1.8,4259038793,56,Back,,,,,,,,,,1oib97ihu6ofz1fvsvih0mnkl,L. Bühler,,,,,,,,,,,,,,,,,,,,,,,,,,,,,
2545239425,68,1,1,5,14,eyecbfb1ur2104bhhwazhvrf,1,4.5,48.2,2023-05-07T14:06:42.493Z,2023-05-07T14:06:43Z,4259038993,56,Back,4259038997,141,46.3,4259039001,213,6.2,4259038999,212,9.9,4259038995,140,13.8,,,,,,,,,,cwotwuxqimldexy77lqdh2t3p,M. Tufeković,,,,,,,,,,,,,,,,,,,,,,,,,,,,,
2545239467,69,1,1,5,16,eyecbfb1ur2104bhhwazhvrf,1,13.9,46,2023-05-07T14:06:43.853Z,2023-05-07T14:06:46Z,4259039223,141,17.6,4259039221,140,10.0,4259039219,56,Back,4259039227,213,4.5,4259039225,212,19.7,,,,,,,,,,25ord6k6oglqdzt77nrs19e5l,J. Feldkamp,,,,,,,,,,,,,,,,,,,,,,,,,,,,,
2545239505,70,1,1,5,18,eyecbfb1ur2104bhhwazhvrf,1,13.7,11.5,2023-05-07T14:06:46.525Z,2023-05-07T14:06:48Z,4259039449,212,12.7,4259039445,140,25.5,4259039447,141,7.1,4259039451,213,6.0,4259039443,56,Back,,,,,,,,,,1oib97ihu6ofz1fvsvih0mnkl,L. Bühler,,,,,,,,,,,,,,,,,,,,,,,,,,,,,
2545239521,71,1,1,5,20,eyecbfb1ur2104bhhwazhvrf,1,25.4,7.7,2023-05-07T14:06:48.525Z,2023-05-07T14:06:58Z,4259039547,141,19.3,4259039549,212,8.7,4259039537,56,Back,4259039543,140,21.8,4259039551,213,2.0,,,,,,,,,,1l4s1w66pir9xk79jp78bxnmx,S. Linder,,,,,,,,,,,,,,,,,,,,,,,,,,,,,
2545239553,72,1,1,5,21,eyecbfb1ur2104bhhwazhvrf,1,21.8,19.3,2023-05-07T14:06:49.390Z,2023-05-07T14:06:51Z,4259039719,212,14.0,4259039721,213,5.9,4259039717,141,11.8,4259039715,140,34.2,4259039713,56,Back,,,,,,,,,,1oib97ihu6ofz1fvsvih0mnkl,L. Bühler,,,,,,,,,,,,,,,,,,,,,,,,,,,,,
2545239575,73,50,1,5,23,eyecbfb1ur2104bhhwazhvrf,1,35.2,13.9,2023-05-07T14:06:51.582Z,2023-05-07T14:06:54Z,4259040009,233,47,4259039835,56,Back,4259039837,286,,,,,,,,,,,,,,,,,aq30av6eea3gxh2rk7c0bzi09,P. Krumbiegel,,,,,,,,,,,,,,,,,,,,,,,,,,,,,
2545239595,47,7,1,5,23,6mng5xcarvyip7ixoss7au245,1,64.8,86.1,2023-05-07T14:06:51.583Z,2023-05-07T14:06:54Z,4259039931,285,,4259040001,233,73,4259039929,56,Left,,,,,,,,,,,,,,,,42h5sz2axk69ifygo0wzuvr2t,J. Cramer,,,,,,,,,,,,,,,,,,,,,,,,,,,,,
2545239603,48,49,1,5,25,6mng5xcarvyip7ixoss7au245,1,70.8,82.1,2023-05-07T14:06:53.718Z,2023-05-07T14:06:54Z,,,,,,,,,,,,,,,,,,,,,,,,,9nc0572mgpafxbjnrk55emtt6,J. De Filippo,,,,,,,,,,,,,,,,,,,,,,,,,,,,,
2545239627,49,1,1,5,26,6mng5xcarvyip7ixoss7au245,1,74.1,85.4,2023-05-07T14:06:54.390Z,2023-05-07T14:06:56Z,4259040081,212,10.3,4259040079,141,90.0,4259040083,213,2.8,4259040075,56,Left,4259040077,140,64.8,,,,,,,,,,9nc0572mgpafxbjnrk55emtt6,J. De Filippo,,,,,,,,,,,,,,,,,,,,,,,,,,,,,
2545239663,50,1,1,5,28,6mng5xcarvyip7ixoss7au245,1,64.8,90,2023-05-07T14:06:55.862Z,2023-05-07T14:06:57Z,4259040273,212,6.2,4259040271,141,94.2,4259040267,56,Left,4259040269,140,59.6,4259040275,213,2.7,,,,,,,,,,3bg4ewc3n4ytybr96lc313ahh,M. Wiankowska,,,,,,,,,,,,,,,,,,,,,,,,,,,,,
2545239679,51,1,1,5,29,6mng5xcarvyip7ixoss7au245,1,59.9,94.2,2023-05-07T14:06:57.670Z,2023-05-07T14:06:58Z,4259040357,212,11.5,4259040353,140,70.6,4259040351,56,Left,4259040355,141,97.5,4259040359,213,0.2,,,,,,,,,,42h5sz2axk69ifygo0wzuvr2t,J. Cramer,,,,,,,,,,,,,,,,,,,,,,,,,,,,,
2545239733,52,1,1,5,31,6mng5xcarvyip7ixoss7au245,1,70.1,97.4,2023-05-07T14:06:58.790Z,2023-05-07T14:07:02Z,4259040629,213,3.6,4259040625,141,90.8,4259040627,212,9.4,4259040621,56,Left,4259040623,140,62.2,,,,,,,,,,9nc0572mgpafxbjnrk55emtt6,J. De Filippo,,,,,,,,,,,,,,,,,,,,,,,,,,,,,
2545239757,53,1,1,5,34,6mng5xcarvyip7ixoss7au245,1,62.4,90.8,2023-05-07T14:07:02.087Z,2023-05-07T14:07:03Z,4259040761,140,71.6,4259040763,141,78.5,4259040767,213,5.6,4259040765,212,12.8,4259040759,56,Center,,,,,,,,,,42h5sz2axk69ifygo0wzuvr2t,J. Cramer,,,,,,,,,,,,,,,,,,,,,,,,,,,,,
2545239855,54,1,1,5,35,6mng5xcarvyip7ixoss7au245,1,71.6,78.7,2023-05-07T14:07:03.350Z,2023-05-07T14:07:08Z,4259041277,56,Center,4259041283,212,11.5,4259041281,141,72.0,4259041279,140,61.5,4259041285,213,3.5,,,,,,,,,,9nc0572mgpafxbjnrk55emtt6,J. De Filippo,,,,,,,,,,,,,,,,,,,,,,,,,,,,,
2545239869,74,49,1,5,41,eyecbfb1ur2104bhhwazhvrf,1,20.2,52.5,2023-05-07T14:07:09.150Z,2023-05-07T14:07:09Z,,,,,,,,,,,,,,,,,,,,,,,,,y7mxuyh5olv0rh5od3p2gtt5,M. Kössler,,,,,,,,,,,,,,,,,,,,,,,,,,,,,
2545239961,75,1,1,5,41,eyecbfb1ur2104bhhwazhvrf,1,20.2,52.5,2023-05-07T14:07:09.246Z,2023-05-07T14:07:14Z,4259041739,212,27.9,4259041741,213,5.9,4259041737,141,36.8,4259041735,140,44.8,4259041733,56,Back,,,,,,,,,,y7mxuyh5olv0rh5od3p2gtt5,M. Kössler,,,,,,,,,,,,,,,,,,,,,,,,,,,,,
2545240071,76,1,1,5,46,eyecbfb1ur2104bhhwazhvrf,1,61.9,49.6,2023-05-07T14:07:14.046Z,2023-05-07T14:07:42Z,4259042405,212,20.3,4259042389,56,Center,4259042399,141,72.0,4259042395,140,74.7,4259042407,213,0.8,4259043989,210,13,,,,,,,efynp5qo9b9x0lh9b4ft0ic8a,G. Corley,1,,,,,,,,,,,,,,,,,,,,,,,,,,,,
2545240077,77,13,1,5,53,eyecbfb1ur2104bhhwazhvrf,1,79.6,63.5,2023-05-07T14:07:21.711Z,2023-05-07T14:07:43Z,4259044011,74,,4259044025,215,,4259043455,20,,4259042431,18,,4259044021,103,70.8,4259044015,55,76,4259042429,22,,4259044027,230,97.6,6aym6t1mr1xzv5pxvbtbn6hgp,E. Memeti,,4259044013,29,4259044029,231,52.2,4259044019,102,4259042433,56,Center,,,,,,,,,,,,,,48.7,,,,
2545240081,78,5,1,5,55,eyecbfb1ur2104bhhwazhvrf,0,100.9,50.6,2023-05-07T14:07:23.406Z,2023-05-07T14:07:23Z,4259042457,346,,4259042455,56,Center,,,,,,,,,,,,,,,,,,,6aym6t1mr1xzv5pxvbtbn6hgp,E. Memeti,,,,,,,,,,,,,,,,,,,,,,,,,,,,,
2545240461,59,5,1,6,22,6mng5xcarvyip7ixoss7au245,1,-1.2,59.6,2023-05-07T14:07:50.344Z,2023-05-07T14:07:50Z,4259044679,346,,4259044677,56,Back,,,,,,,,,,,,,,,,,,,9nc0572mgpafxbjnrk55emtt6,J. De Filippo,,,,,,,,,,,,,,,,,,,,,,,,,,,,,
2545240531,60,1,1,6,24,6mng5xcarvyip7ixoss7au245,1,3.9,58.4,2023-05-07T14:07:51.848Z,2023-05-07T14:07:54Z,4259045057,56,Back,4259045071,74,,4259045067,1,,4259045061,141,74.5,4259045063,212,45.3,4259045065,213,0.2,4259045055,124,,4259045059,140,45.8,do1uv3ohvyvodhcindxj76qy1,A. Wellmann,,,,,,,,,,,,,,,,,,,,,,,,,,,,,
2545240539,61,44,1,6,26,6mng5xcarvyip7ixoss7au245,1,49.2,66.3,2023-05-07T14:07:54.007Z,2023-05-07T14:08:05Z,4259045109,285,,4259045107,56,Back,4259045211,233,79,,,,,,,,,,,,,,,,9nc0572mgpafxbjnrk55emtt6,J. De Filippo,,,,,,,,,,,,,,,,,,,,,,,,,,,,,
2545240553,79,44,1,6,26,eyecbfb1ur2104bhhwazhvrf,0,50.8,33.7,2023-05-07T14:07:54.008Z,2023-05-07T14:07:55Z,4259045251,233,61,4259045145,56,Center,4259045255,286,,,,,,,,,,,,,,,,,epdlb32r151kz861mljb1rs9h,F. Harsch,,,,,,,,,,,,,,,,,,,,,,,,,,,,,
2545240557,62,1,1,6,26,6mng5xcarvyip7ixoss7au245,0,45.8,74.5,2023-05-07T14:07:54.584Z,2023-05-07T14:08:08Z,4259045165,141,63.6,4259045169,213,6.0,4259045159,168,,4259045167,212,24.7,4259045157,3,,4259045161,56,Center,4259045163,140,68.2,,,,9nc0572mgpafxbjnrk55emtt6,J. De Filippo,,,,,,,,,,,,,,,,,,,,,,,,,,,,,
2545240579,80,49,1,6,28,eyecbfb1ur2104bhhwazhvrf,1,34.4,40.7,2023-05-07T14:07:56.384Z,2023-05-07T14:07:56Z,,,,,,,,,,,,,,,,,,,,,,,,,25ord6k6oglqdzt77nrs19e5l,J. Feldkamp,,,,,,,,,,,,,,,,,,,,,,,,,,,,,
2545240599,81,1,1,6,28,eyecbfb1ur2104bhhwazhvrf,1,34.4,40.7,2023-05-07T14:07:56.527Z,2023-05-07T14:07:58Z,4259045359,141,54.0,4259045355,56,Back,4259045361,212,14.9,4259045363,213,0.7,4259045357,140,45.7,,,,,,,,,,25ord6k6oglqdzt77nrs19e5l,J. Feldkamp,,,,,,,,,,,,,,,,,,,,,,,,,,,,,
2545240647,82,1,1,6,30,eyecbfb1ur2104bhhwazhvrf,1,47,55.2,2023-05-07T14:07:57.983Z,2023-05-07T14:08:01Z,4259045625,213,5.5,4259045617,56,Center,4259045623,212,14.4,4259045619,140,57.1,4259045621,141,40.9,,,,,,,,,,33nggo6w6e52yqmc2pa528xd5,C. Hagel,,,,,,,,,,,,,,,,,,,,,,,,,,,,,
2545240693,83,1,1,6,33,eyecbfb1ur2104bhhwazhvrf,1,61.5,41.8,2023-05-07T14:08:01.168Z,2023-05-07T14:08:04Z,4259045849,56,Back,4259045855,212,28.0,4259045857,213,3.9,4259045853,141,14.0,4259045851,140,41.8,,,,,,,,,,y7mxuyh5olv0rh5od3p2gtt5,M. Kössler,,,,,,,,,,,,,,,,,,,,,,,,,,,,,
2545240719,84,1,1,6,36,eyecbfb1ur2104bhhwazhvrf,1,41.8,14,2023-05-07T14:08:03.871Z,2023-05-07T14:08:05Z,4259046003,140,34.5,4259046001,56,Back,4259046009,213,2.0,4259046005,141,36.5,4259046007,212,17.1,,,,,,,,,,1l4s1w66pir9xk79jp78bxnmx,S. Linder,,,,,,,,,,,,,,,,,,,,,,,,,,,,,
2545240777,85,1,1,6,37,eyecbfb1ur2104bhhwazhvrf,1,34.6,37.7,2023-05-07T14:08:05.359Z,2023-05-07T14:08:08Z,4259046219,213,1.6,4259046215,141,68.9,4259046217,212,21.2,4259046213,140,34.2,4259046211,56,Back,,,,,,,,,,1oib97ihu6ofz1fvsvih0mnkl,L. Bühler,,,,,,,,,,,,,,,,,,,,,,,,,,,,,
2545240825,86,1,1,6,40,eyecbfb1ur2104bhhwazhvrf,1,34.2,65.9,2023-05-07T14:08:07.935Z,2023-05-07T14:08:10Z,4259046511,212,19.2,4259046509,141,85.7,4259046505,56,Back,4259046507,140,47.3,4259046515,213,0.8,,,,,,,,,,25ord6k6oglqdzt77nrs19e5l,J. Feldkamp,,,,,,,,,,,,,,,,,,,,,,,,,,,,,
2545240897,87,1,1,6,42,eyecbfb1ur2104bhhwazhvrf,1,47,84.5,2023-05-07T14:08:10.608Z,2023-05-07T14:08:14Z,4259046943,56,Back,4259046955,213,4.4,4259046953,212,38.8,4259046951,141,30.1,4259046945,140,35.9,4259046957,1,,,,,,,,1abadnoiq5hbwpfzzyvho4vkl,K. Naschenweng,,,,,,,,,,,,,,,,,,,,,,,,,,,,,
2545240951,88,1,1,6,46,eyecbfb1ur2104bhhwazhvrf,1,38.6,32.2,2023-05-07T14:08:14.591Z,2023-05-07T14:08:18Z,4259047275,1,,4259047265,56,Center,4259047269,141,54.6,4259047271,212,37.5,4259047267,140,71.2,4259047273,213,0.4,,,,,,,1oib97ihu6ofz1fvsvih0mnkl,L. Bühler,,,,,,,,,,,,,,,,,,,,,,,,,,,,,
2545240963,89,1,1,6,50,eyecbfb1ur2104bhhwazhvrf,0,71.2,56.4,2023-05-07T14:08:18.224Z,2023-05-07T14:08:19Z,4259047321,56,Center,4259047331,141,28.6,4259047325,140,82.5,4259047335,212,22.3,4259047341,213,5.3,,,,,,,,,,6aym6t1mr1xzv5pxvbtbn6hgp,E. Memeti,,,,,,,,,,,,,,,,,,,,,,,,,,,,,
2545241001,63,49,1,6,53,6mng5xcarvyip7ixoss7au245,1,16.8,73.3,2023-05-07T14:08:21.336Z,2023-05-07T14:08:21Z,,,,,,,,,,,,,,,,,,,,,,,,,3bg4ewc3n4ytybr96lc313ahh,M. Wiankowska,,,,,,,,,,,,,,,,,,,,,,,,,,,,,
2545241043,64,1,1,6,53,6mng5xcarvyip7ixoss7au245,1,15.5,69.9,2023-05-07T14:08:21.704Z,2023-05-07T14:08:23Z,4259047687,56,Back,4259047693,212,16.9,4259047691,141,53.3,4259047689,140,3.5,4259047695,213,3.9,,,,,,,,,,3bg4ewc3n4ytybr96lc313ahh,M. Wiankowska,,,,,,,,,,,,,,,,,,,,,,,,,,,,,
2545241071,65,1,1,6,55,6mng5xcarvyip7ixoss7au245,0,3.9,53.1,2023-05-07T14:08:22.920Z,2023-05-07T14:08:25Z,4259047827,212,46.4,4259047825,141,56.7,4259047829,213,0.1,4259047821,56,Back,4259047819,157,,4259047831,1,,4259047823,140,48.0,,,,do1uv3ohvyvodhcindxj76qy1,A. Wellmann,,,,,,,,,,,,,,,,,,,,,,,,,,,,,
2545241127,90,1,1,6,59,eyecbfb1ur2104bhhwazhvrf,1,44.4,47.8,2023-05-07T14:08:26.880Z,2023-05-07T14:08:29Z,4259048165,212,12.8,4259048159,56,Back,4259048157,3,,4259048167,213,1.2,4259048161,140,48.8,4259048163,141,65.4,,,,,,,25ord6k6oglqdzt77nrs19e5l,J. Feldkamp,,,,,,,,,,,,,,,,,,,,,,,,,,,,,
2545241133,91,49,1,7,2,eyecbfb1ur2104bhhwazhvrf,1,49.4,64.4,2023-05-07T14:08:29.825Z,2023-05-07T14:08:30Z,,,,,,,,,,,,,,,,,,,,,,,,,1abadnoiq5hbwpfzzyvho4vkl,K. Naschenweng,,,,,,,,,,,,,,,,,,,,,,,,,,,,,
2545241155,92,1,1,7,2,eyecbfb1ur2104bhhwazhvrf,0,49.4,64.4,2023-05-07T14:08:30.449Z,2023-05-07T14:08:31Z,4259048321,141,82.4,4259048319,140,76.2,4259048315,155,,4259048317,56,Left,4259048323,212,30.7,4259048325,213,0.4,,,,,,,1abadnoiq5hbwpfzzyvho4vkl,K. Naschenweng,,,,,,,,,,,,,,,,,,,,,,,,,,,,,
2545241165,66,49,1,7,4,6mng5xcarvyip7ixoss7au245,1,20.4,12.6,2023-05-07T14:08:32.168Z,2023-05-07T14:08:32Z,,,,,,,,,,,,,,,,,,,,,,,,,6yoqpu952gnc6trdg6vpala6t,W. Meister,,,,,,,,,,,,,,,,,,,,,,,,,,,,,
2545241189,67,1,1,7,5,6mng5xcarvyip7ixoss7au245,0,21.7,13.4,2023-05-07T14:08:33.225Z,2023-05-07T14:08:34Z,4259048545,236,,4259048495,212,2.5,4259048499,213,5.6,4259048551,286,,4259048547,233,93,4259048493,141,11.1,4259048491,140,23.5,4259048487,56,Back,6yoqpu952gnc6trdg6vpala6t,W. Meister,,,,,,,,,,,,,,,,,,,,,,,,,,,,,
2545241193,93,74,1,7,5,eyecbfb1ur2104bhhwazhvrf,1,72.5,87.9,2023-05-07T14:08:33.569Z,2023-05-07T14:08:34Z,4259048521,285,,4259048599,233,67,4259048519,56,Left,,,,,,,,,,,,,,,,33nggo6w6e52yqmc2pa528xd5,C. Hagel,,,,,,,,,,,,,,,,,,,,,,,,,,,,,
2545241337,68,5,1,7,6,6mng5xcarvyip7ixoss7au245,1,23,-1.5,2023-05-07T14:08:34.664Z,2023-05-07T14:08:41Z,4259049319,56,Back,4259049371,233,94,4259049323,347,,,,,,,,,,,,,,,,,6yoqpu952gnc6trdg6vpala6t,W. Meister,,,,,,,,,,,,,,,,,,,,,,,,,,,,,
2545241211,94,5,1,7,6,eyecbfb1ur2104bhhwazhvrf,0,77,101.5,2023-05-07T14:08:34.736Z,2023-05-07T14:08:42Z,4259049395,233,68,4259048639,347,,4259048637,56,Left,,,,,,,,,,,,,,,,33nggo6w6e52yqmc2pa528xd5,C. Hagel,,,,,,,,,,,,,,,,,,,,,,,,,,,,,
2545241427,69,1,1,7,13,6mng5xcarvyip7ixoss7au245,1,20.3,0,2023-05-07T14:08:41.448Z,2023-05-07T14:08:45Z,4259049795,141,7.6,4259049797,212,11.7,4259049799,213,0.6,4259049789,107,,4259049791,56,Back,4259049793,140,29.6,,,,,,,6yoqpu952gnc6trdg6vpala6t,W. Meister,,,,,,,,,,,,,,,,,,,,,,,,,,,,,
2545241447,70,1,1,7,18,6mng5xcarvyip7ixoss7au245,0,22.3,9.1,2023-05-07T14:08:45.785Z,2023-05-07T14:08:47Z,4259049901,212,36.3,4259049893,155,,4259049903,213,0.2,4259049905,1,,4259049897,140,56.5,4259049895,56,Right,4259049899,141,17.3,,,,8etvu6b9z7sm2rg3wqkmchk9h,M. Rouse,,,,,,,,,,,,,,,,,,,,,,,,,,,,,
2545241459,95,49,1,7,21,eyecbfb1ur2104bhhwazhvrf,1,37.2,79.5,2023-05-07T14:08:49.265Z,2023-05-07T14:08:49Z,,,,,,,,,,,,,,,,,,,,,,,,,25ord6k6oglqdzt77nrs19e5l,J. Feldkamp,,,,,,,,,,,,,,,,,,,,,,,,,,,,,
2545241475,96,61,1,7,22,eyecbfb1ur2104bhhwazhvrf,0,38.5,79.4,2023-05-07T14:08:50.065Z,2023-05-07T14:08:50Z,4259050077,56,Back,,,,,,,,,,,,,,,,,,,,,,25ord6k6oglqdzt77nrs19e5l,J. Feldkamp,,,,,,,,,,,,,,,,,,,,,,,,,,,,,
2545241523,71,3,1,7,23,6mng5xcarvyip7ixoss7au245,1,59.4,21.2,2023-05-07T14:08:51.401Z,2023-05-07T14:08:52Z,4259050313,233,97,4259050275,56,Center,4259050277,286,,,,,,,,,,,,,,,,,qygwawkthmtcn3sx4ptq0e8k,A. Grincenco,,,,,,,,,,,,,,,,,,,,,,,,,,,,,
2545241517,97,45,1,7,23,eyecbfb1ur2104bhhwazhvrf,0,40.6,78.8,2023-05-07T14:08:51.401Z,2023-05-07T14:08:53Z,4259050253,56,Back,4259050325,233,71,4259050255,285,,,,,,,,,,,,,,,,,25ord6k6oglqdzt77nrs19e5l,J. Feldkamp,,,,,,,,,,,,,,,,,,,,,,,,,,,,,
2545241527,72,49,1,7,24,6mng5xcarvyip7ixoss7au245,1,66.8,22.2,2023-05-07T14:08:52.345Z,2023-05-07T14:08:52Z,,,,,,,,,,,,,,,,,,,,,,,,,qygwawkthmtcn3sx4ptq0e8k,A. Grincenco,,,,,,,,,,,,,,,,,,,,,,,,,,,,,
2545241639,73,15,1,7,30,6mng5xcarvyip7ixoss7au245,1,87.6,32.7,2023-05-07T14:08:57.993Z,2023-05-07T14:09:19Z,4259050909,56,Center,4259053145,230,98.0,4259053135,215,,4259053147,231,48.2,4259053131,102,49.7,4259053129,78,,4259053137,458,,4259053141,146,88.5,qygwawkthmtcn3sx4ptq0e8k,A. Grincenco,,4259050905,22,4259053153,233,98,4259053139,82,4259052221,20,,4259053133,103,4259050907,63,,4259053143,147,,,,,,,,19,33.9,,
2545241653,98,10,1,7,30,eyecbfb1ur2104bhhwazhvrf,1,11.1,65.4,2023-05-07T14:08:58.093Z,2023-05-07T14:09:20Z,4259053183,233,73,4259050975,56,Back,4259050971,94,,,,,,,,,,,,,,,,,1oib97ihu6ofz1fvsvih0mnkl,L. Bühler,,,,,,,,,,,,,,,,,,,,,,,,,,,,,
2545241671,74,6,1,7,32,6mng5xcarvyip7ixoss7au245,1,89.6,35.2,2023-05-07T14:09:00.377Z,2023-05-07T14:09:22Z,4259051961,233,99,4259053481,73,,4259051061,56,Center,,,,,,,,,,,,,,,,qygwawkthmtcn3sx4ptq0e8k,A. Grincenco,,,,,,,,,,,,,,,,,,,,,,,,,,,,,
2545241691,99,6,1,7,33,eyecbfb1ur2104bhhwazhvrf,0,10.4,64.8,2023-05-07T14:09:01.043Z,2023-05-07T14:09:09Z,4259051189,73,,4259051187,56,Back,4259051985,233,74,,,,,,,,,,,,,,,,1oib97ihu6ofz1fvsvih0mnkl,L. Bühler,,,,,,,,,,,,,,,,,,,,,,,,,,,,,
2545242503,75,1,1,8,9,6mng5xcarvyip7ixoss7au245,1,99.6,99.6,2023-05-07T14:09:37.323Z,2023-05-07T14:11:10Z,4259059363,210,15,4259055659,155,,4259055669,212,37.3,4259055665,140,93.1,4259055655,2,,4259055663,56,Center,4259055661,223,,4259059365,154,,8etvu6b9z7sm2rg3wqkmchk9h,M. Rouse,1,4259055673,1,4259055657,6,,4259055671,213,4259055667,141,45.7,,,,,,,,,,,,,,4.5,,,,
2545242511,76,15,1,8,15,6mng5xcarvyip7ixoss7au245,1,93.1,45.7,2023-05-07T14:09:42.927Z,2023-05-07T14:11:10Z,4259059381,103,20.3,4259055727,17,,4259058799,15,,4259064177,233,101,4259059371,29,,4259059375,55,75,4259059385,147,48.2,4259059383,146,99.0,3bg4ewc3n4ytybr96lc313ahh,M. Wiankowska,,4259058807,328,4259059373,154,,4259055729,56,4259059379,102,47.9,4259058797,25,4259059369,81,,,,,,,,,,Center,,,,
2545242441,101,10,1,8,15,eyecbfb1ur2104bhhwazhvrf,1,2.6,51.2,2023-05-07T14:09:43.027Z,2023-05-07T14:11:10Z,4259064019,174,,4259064021,179,,4259055407,182,,4259064203,233,76,4259055413,56,Back,,,,,,,,,,cwotwuxqimldexy77lqdh2t3p,M. Tufeković,,,,,,,,,,,,,,,,,,,,,,,,,,,,,
2545242543,102,12,1,8,17,eyecbfb1ur2104bhhwazhvrf,1,9.6,64.7,2023-05-07T14:09:44.883Z,2023-05-07T14:09:57Z,4259055955,212,25.0,4259055949,56,Back,4259055957,213,1.4,4259055953,141,100.0,4259056023,167,,4259055951,140,12.6,,,,,,,aq30av6eea3gxh2rk7c0bzi09,P. Krumbiegel,,,,,,,,,,,,,,,,,,,,,,,,,,,,,
2545242549,103,5,1,8,20,eyecbfb1ur2104bhhwazhvrf,0,12.4,101.6,2023-05-07T14:09:48.623Z,2023-05-07T14:11:50Z,4259055965,56,Back,4259055969,347,,4259068991,233,77,,,,,,,,,,,,,,,,y7mxuyh5olv0rh5od3p2gtt5,M. Kössler,,,,,,,,,,,,,,,,,,,,,,,,,,,,,
2545242795,77,5,1,8,22,6mng5xcarvyip7ixoss7au245,1,87.6,-1.6,2023-05-07T14:09:50.298Z,2023-05-07T14:11:50Z,4259057331,56,Right,4259057333,347,,4259068951,233,103,,,,,,,,,,,,,,,,byrtspkep316747j5mj5lyei,N. Selimhodzic,,,,,,,,,,,,,,,,,,,,,,,,,,,,,
2545243843,117,10,1,8,28,eyecbfb1ur2104bhhwazhvrf,1,4.8,48.5,2023-05-07T14:09:55.973Z,2023-05-07T14:11:04Z,4259063505,179,,4259062915,182,,4259063503,177,,4259062917,56,Back,,,,,,,,,,,,,cwotwuxqimldexy77lqdh2t3p,M. Tufeković,,,,,,,,,,,,,,,,,,,,,,,,,,,,,
2545242895,78,1,1,8,28,6mng5xcarvyip7ixoss7au245,1,82.9,0,2023-05-07T14:09:56.163Z,2023-05-07T14:11:51Z,4259057897,212,9.1,4259069141,189,,4259057891,56,Right,4259057893,140,83.1,4259057895,141,12.2,4259057899,213,1.5,4259057889,107,,,,,6yoqpu952gnc6trdg6vpala6t,W. Meister,,,,,,,,,,,,,,,,,,,,,,,,,,,,,
2545244743,89,1,1,8,29,6mng5xcarvyip7ixoss7au245,0,83.5,12,2023-05-07T14:09:57.189Z,2023-05-07T14:12:29Z,4259067649,212,26.2,4259067645,140,95.2,4259067651,213,1.1,4259073093,189,,4259067647,141,46.1,4259067643,56,Center,4259067641,155,,,,,byrtspkep316747j5mj5lyei,N. Selimhodzic,,,,,,,,,,,,,,,,,,,,,,,,,,,,,
2545246161,138,44,1,8,38,eyecbfb1ur2104bhhwazhvrf,1,7,60.2,2023-05-07T14:10:06.111Z,2023-05-07T14:12:58Z,4259075693,285,,4259075691,56,Back,4259075715,233,79,,,,,,,,,,,,,,,,aq30av6eea3gxh2rk7c0bzi09,P. Krumbiegel,,,,,,,,,,,,,,,,,,,,,,,,,,,,,
2545242939,79,44,1,8,38,6mng5xcarvyip7ixoss7au245,0,93,39.8,2023-05-07T14:10:06.112Z,2023-05-07T14:12:56Z,4259075739,233,138,4259065495,286,,4259058101,56,Center,,,,,,,,,,,,,,,,9nc0572mgpafxbjnrk55emtt6,J. De Filippo,,,,,,,,,,,,,,,,,,,,,,,,,,,,,
2545242883,104,52,1,8,39,eyecbfb1ur2104bhhwazhvrf,1,2.8,45.4,2023-05-07T14:10:06.804Z,2023-05-07T14:13:04Z,,,,,,,,,,,,,,,,,,,,,,,,,cwotwuxqimldexy77lqdh2t3p,M. Tufeković,,,,,,,,,,,,,,,,,,,,,,,,,,,,,
2545242943,80,15,1,8,41,6mng5xcarvyip7ixoss7au245,1,86.9,45.5,2023-05-07T14:10:08.971Z,2023-05-07T14:13:09Z,4259077161,146,97.8,4259073829,17,,4259077153,102,54.1,4259077149,76,,4259077159,458,,4259077151,133,,4259077163,147,48.7,4259077157,108,,byrtspkep316747j5mj5lyei,N. Selimhodzic,,4259058123,56,4259058119,22,,4259073827,72,4259077155,103,4.4,,,,,,,,,,,,,,,,,Center,
2545242973,105,1,1,8,41,eyecbfb1ur2104bhhwazhvrf,1,7.6,51.6,2023-05-07T14:10:09.524Z,2023-05-07T14:10:11Z,4259058243,123,,4259058251,212,8.0,4259058253,213,5.5,4259058249,141,43.4,4259058245,56,Back,4259058247,140,13.1,,,,,,,cwotwuxqimldexy77lqdh2t3p,M. Tufeković,,,,,,,,,,,,,,,,,,,,,,,,,,,,,
2545243019,106,1,1,8,43,eyecbfb1ur2104bhhwazhvrf,1,13.8,42.4,2023-05-07T14:10:11.443Z,2023-05-07T14:10:14Z,4259058527,213,5.6,4259058525,212,21.4,4259058521,140,29.1,4259058519,56,Back,4259058523,141,21.5,,,,,,,,,,1oib97ihu6ofz1fvsvih0mnkl,L. Bühler,,,,,,,,,,,,,,,,,,,,,,,,,,,,,
2545243073,107,1,1,8,46,eyecbfb1ur2104bhhwazhvrf,1,29.1,21.5,2023-05-07T14:10:13.939Z,2023-05-07T14:10:18Z,4259058911,140,41.2,4259058913,141,7.0,4259058917,213,5.6,4259058915,212,16.1,4259058909,56,Back,,,,,,,,,,1l4s1w66pir9xk79jp78bxnmx,S. Linder,,,,,,,,,,,,,,,,,,,,,,,,,,,,,
2545243129,108,1,1,8,50,eyecbfb1ur2104bhhwazhvrf,1,34.5,9.8,2023-05-07T14:10:17.971Z,2023-05-07T14:10:21Z,4259059231,213,3.0,4259059223,141,12.1,4259059221,140,26.4,4259059219,56,Back,4259059227,212,8.6,,,,,,,,,,aq30av6eea3gxh2rk7c0bzi09,P. Krumbiegel,,,,,,,,,,,,,,,,,,,,,,,,,,,,,
2545243189,109,1,1,8,53,eyecbfb1ur2104bhhwazhvrf,1,23.7,18.2,2023-05-07T14:10:21.011Z,2023-05-07T14:10:24Z,4259059535,213,2.4,4259059529,141,46.4,4259059527,140,5.4,4259059525,56,Back,4259059531,212,27.1,,,,,,,,,,1l4s1w66pir9xk79jp78bxnmx,S. Linder,,,,,,,,,,,,,,,,,,,,,,,,,,,,,
2545243295,110,1,1,8,56,eyecbfb1ur2104bhhwazhvrf,1,4.3,51.2,2023-05-07T14:10:23.987Z,2023-05-07T14:10:30Z,4259060023,56,Back,4259060031,213,0.9,4259060029,212,22.8,4259060027,141,76.5,4259060025,140,18.6,,,,,,,,,,cwotwuxqimldexy77lqdh2t3p,M. Tufeković,,,,,,,,,,,,,,,,,,,,,,,,,,,,,
2545243383,111,1,1,9,2,eyecbfb1ur2104bhhwazhvrf,1,31.2,72.6,2023-05-07T14:10:29.956Z,2023-05-07T14:10:34Z,4259060509,140,39.6,4259060515,213,5.0,4259060507,56,Back,4259060513,212,28.2,4259060511,141,33.2,,,,,,,,,,25ord6k6oglqdzt77nrs19e5l,J. Feldkamp,,,,,,,,,,,,,,,,,,,,,,,,,,,,,
2545243451,112,1,1,9,6,eyecbfb1ur2104bhhwazhvrf,1,38.1,31.3,2023-05-07T14:10:34.291Z,2023-05-07T14:10:38Z,4259060969,1,,4259060965,213,6.1,4259060947,56,Right,4259060957,141,20.9,4259060961,212,47.9,4259060951,140,83.2,,,,,,,1l4s1w66pir9xk79jp78bxnmx,S. Linder,,,,,,,,,,,,,,,,,,,,,,,,,,,,,
2545243459,113,61,1,9,10,eyecbfb1ur2104bhhwazhvrf,0,83.2,20.9,2023-05-07T14:10:38.180Z,2023-05-07T14:10:38Z,4259060973,56,Right,,,,,,,,,,,,,,,,,,,,,,y7mxuyh5olv0rh5od3p2gtt5,M. Kössler,,,,,,,,,,,,,,,,,,,,,,,,,,,,,
2545243489,81,1,1,9,11,6mng5xcarvyip7ixoss7au245,1,38.9,73.8,2023-05-07T14:10:38.876Z,2023-05-07T14:10:40Z,4259061143,141,78.7,4259061139,56,Back,4259061141,140,37.3,4259061147,213,2.0,4259061145,212,3.7,,,,,,,,,,8etvu6b9z7sm2rg3wqkmchk9h,M. Rouse,,,,,,,,,,,,,,,,,,,,,,,,,,,,,
2545243499,82,49,1,9,12,6mng5xcarvyip7ixoss7au245,1,37.3,78.7,2023-05-07T14:10:40.396Z,2023-05-07T14:10:40Z,,,,,,,,,,,,,,,,,,,,,,,,,e3gddzy59fp8lidsr83vpw12i,I. Kuznetsov,,,,,,,,,,,,,,,,,,,,,,,,,,,,,
2545243521,83,1,1,9,12,6mng5xcarvyip7ixoss7au245,1,37.3,78.7,2023-05-07T14:10:40.636Z,2023-05-07T14:10:41Z,4259061279,212,13.0,4259061275,140,29.5,4259061281,213,2.3,4259061277,141,93.6,4259061273,56,Back,,,,,,,,,,e3gddzy59fp8lidsr83vpw12i,I. Kuznetsov,,,,,,,,,,,,,,,,,,,,,,,,,,,,,
2545243529,84,1,1,9,14,6mng5xcarvyip7ixoss7au245,1,29.5,93.6,2023-05-07T14:10:41.819Z,2023-05-07T14:10:42Z,4259061325,140,45.1,4259061327,141,95.1,4259061329,212,16.4,4259061331,213,0.1,4259061323,56,Back,,,,,,,,,,42h5sz2axk69ifygo0wzuvr2t,J. Cramer,,,,,,,,,,,,,,,,,,,,,,,,,,,,,
2545243567,85,1,1,9,14,6mng5xcarvyip7ixoss7au245,1,44.5,95.1,2023-05-07T14:10:42.444Z,2023-05-07T14:10:43Z,4259061525,213,3.1,4259061517,56,Back,4259061523,212,15.8,4259061519,140,29.5,4259061521,141,95.0,,,,,,,,,,8etvu6b9z7sm2rg3wqkmchk9h,M. Rouse,,,,,,,,,,,,,,,,,,,,,,,,,,,,,
2545243629,86,1,1,9,15,6mng5xcarvyip7ixoss7au245,0,29.7,94.7,2023-05-07T14:10:43.676Z,2023-05-07T14:10:48Z,4259061843,56,Left,4259061841,155,,4259061847,141,95.1,4259061853,213,0.0,4259061857,1,,4259061849,212,47.6,4259061845,140,75.0,,,,42h5sz2axk69ifygo0wzuvr2t,J. Cramer,,,,,,,,,,,,,,,,,,,,,,,,,,,,,
2545243615,114,49,1,9,19,eyecbfb1ur2104bhhwazhvrf,1,16.5,11.3,2023-05-07T14:10:46.884Z,2023-05-07T14:10:47Z,,,,,,,,,,,,,,,,,,,,,,,,,1l4s1w66pir9xk79jp78bxnmx,S. Linder,,,,,,,,,,,,,,,,,,,,,,,,,,,,,
2545243669,115,1,1,9,19,eyecbfb1ur2104bhhwazhvrf,0,16.2,12.4,2023-05-07T14:10:47.444Z,2023-05-07T14:10:49Z,4259062045,212,25.4,4259062047,213,2.3,4259062041,140,0.0,4259062039,56,Back,4259062043,141,39.5,,,,,,,,,,1l4s1w66pir9xk79jp78bxnmx,S. Linder,,,,,,,,,,,,,,,,,,,,,,,,,,,,,
2545243671,116,6,1,9,21,eyecbfb1ur2104bhhwazhvrf,0,12.2,22.2,2023-05-07T14:10:49.485Z,2023-05-07T14:10:51Z,4259062055,73,,4259062245,233,87,4259062053,56,Back,,,,,,,,,,,,,,,,1l4s1w66pir9xk79jp78bxnmx,S. Linder,,,,,,,,,,,,,,,,,,,,,,,,,,,,,
2545243701,87,6,1,9,22,6mng5xcarvyip7ixoss7au245,1,87.8,77.8,2023-05-07T14:10:49.853Z,2023-05-07T14:10:51Z,4259062231,233,116,4259062217,56,Center,4259062219,73,,,,,,,,,,,,,,,,,42h5sz2axk69ifygo0wzuvr2t,J. Cramer,,,,,,,,,,,,,,,,,,,,,,,,,,,,,
2545244483,88,1,1,9,59,6mng5xcarvyip7ixoss7au245,0,99.5,99.5,2023-05-07T14:11:26.781Z,2023-05-07T14:11:31Z,4259066699,233,118,4259066255,6,,4259066269,213,4.7,4259066263,140,97.8,4259066257,155,,4259066265,141,50.1,4259066259,223,,4259066253,2,,8etvu6b9z7sm2rg3wqkmchk9h,M. Rouse,,4259066261,56,4259066267,212,33.6,4259066271,1,,,,,,,,,,,,,,,,,,,,Center,
2545244551,118,11,1,10,2,eyecbfb1ur2104bhhwazhvrf,1,5.5,48.4,2023-05-07T14:11:30.486Z,2023-05-07T14:11:31Z,4259066737,233,88,4259066655,56,Back,4259066657,88,,,,,,,,,,,,,,,,,cwotwuxqimldexy77lqdh2t3p,M. Tufeković,,,,,,,,,,,,,,,,,,,,,,,,,,,,,
2545244781,119,1,1,10,10,eyecbfb1ur2104bhhwazhvrf,1,9.4,52.8,2023-05-07T14:11:37.878Z,2023-05-07T14:11:41Z,4259067847,140,29.5,4259067855,213,5.5,4259067841,123,,4259067853,212,30.9,4259067851,141,19.6,4259067843,56,Back,,,,,,,cwotwuxqimldexy77lqdh2t3p,M. Tufeković,,,,,,,,,,,,,,,,,,,,,,,,,,,,,
2545244863,120,1,1,10,13,eyecbfb1ur2104bhhwazhvrf,1,28.6,20.5,2023-05-07T14:11:40.917Z,2023-05-07T14:11:44Z,4259068289,141,6.4,4259068285,56,Back,4259068287,140,39.5,4259068293,213,5.6,4259068291,212,14.9,,,,,,,,,,1l4s1w66pir9xk79jp78bxnmx,S. Linder,,,,,,,,,,,,,,,,,,,,,,,,,,,,,
2545244893,121,1,1,10,16,eyecbfb1ur2104bhhwazhvrf,1,40.3,8.5,2023-05-07T14:11:44.629Z,2023-05-07T14:11:46Z,4259068451,141,10.4,4259068457,213,3.0,4259068455,212,10.2,4259068445,56,Back,4259068447,140,30.7,,,,,,,,,,aq30av6eea3gxh2rk7c0bzi09,P. Krumbiegel,,,,,,,,,,,,,,,,,,,,,,,,,,,,,
2545245087,122,1,1,10,18,eyecbfb1ur2104bhhwazhvrf,1,29.6,13.1,2023-05-07T14:11:46.293Z,2023-05-07T14:11:54Z,4259069525,141,71.1,4259069527,212,39.7,4259069529,213,1.7,4259069521,56,Back,4259069531,1,,4259069523,140,25.7,,,,,,,1l4s1w66pir9xk79jp78bxnmx,S. Linder,,,,,,,,,,,,,,,,,,,,,,,,,,,,,
2545245119,123,1,1,10,26,eyecbfb1ur2104bhhwazhvrf,1,25.7,71.3,2023-05-07T14:11:54.517Z,2023-05-07T14:11:56Z,4259069679,213,6.0,4259069677,212,30.8,4259069675,141,60.5,4259069671,56,Center,4259069673,140,54.2,,,,,,,,,,25ord6k6oglqdzt77nrs19e5l,J. Feldkamp,,,,,,,,,,,,,,,,,,,,,,,,,,,,,
2545245185,124,1,1,10,28,eyecbfb1ur2104bhhwazhvrf,1,54.2,60.5,2023-05-07T14:11:55.974Z,2023-05-07T14:11:58Z,4259069985,140,53.9,4259069987,141,35.0,4259069989,212,17.3,4259069991,213,4.7,4259069983,56,Center,,,,,,,,,,6aym6t1mr1xzv5pxvbtbn6hgp,E. Memeti,,,,,,,,,,,,,,,,,,,,,,,,,,,,,
2545245283,125,1,1,10,31,eyecbfb1ur2104bhhwazhvrf,1,53.9,35,2023-05-07T14:11:58.838Z,2023-05-07T14:12:04Z,4259070519,56,Right,4259070521,140,74.2,4259070523,141,15.4,4259070527,213,5.7,4259070525,212,25.1,,,,,,,,,,1l4s1w66pir9xk79jp78bxnmx,S. Linder,,,,,,,,,,,,,,,,,,,,,,,,,,,,,
2545245321,126,3,1,10,36,eyecbfb1ur2104bhhwazhvrf,0,74.3,16.3,2023-05-07T14:12:03.877Z,2023-05-07T14:12:05Z,4259070713,286,,4259070737,211,,4259070711,56,Right,,,,,,,,,,,,,,,,aq30av6eea3gxh2rk7c0bzi09,P. Krumbiegel,,,,,,,,,,,,,,,,,,,,,,,,,,,,,
2545245413,92,50,1,10,40,6mng5xcarvyip7ixoss7au245,1,27.1,74.8,2023-05-07T14:12:07.909Z,2023-05-07T14:12:11Z,4259071229,233,127,4259071139,56,Back,4259071143,285,,,,,,,,,,,,,,,,,8xphahi0vi6fnh8ou88zzb6j9,A. Gerhardt,,,,,,,,,,,,,,,,,,,,,,,,,,,,,
2545245415,127,7,1,10,40,eyecbfb1ur2104bhhwazhvrf,1,72.9,25.2,2023-05-07T14:12:07.910Z,2023-05-07T14:12:10Z,4259071193,233,92,4259071159,286,,4259071157,56,Center,,,,,,,,,,,,,,,,aq30av6eea3gxh2rk7c0bzi09,P. Krumbiegel,,,,,,,,,,,,,,,,,,,,,,,,,,,,,
2545245379,90,61,1,10,40,6mng5xcarvyip7ixoss7au245,1,27.7,71.1,2023-05-07T14:12:08.605Z,2023-05-07T14:12:22Z,4259071021,56,Back,,,,,,,,,,,,,,,,,,,,,,8xphahi0vi6fnh8ou88zzb6j9,A. Gerhardt,,,,,,,,,,,,,,,,,,,,,,,,,,,,,
2545245391,91,43,1,10,40,6mng5xcarvyip7ixoss7au245,1,0,0,2023-05-07T14:12:08.669Z,2023-05-07T14:12:18Z,4259072031,144,45,4259071069,285,0,4259071067,56,Back,,,,,,,,,,,,,,,,8xphahi0vi6fnh8ou88zzb6j9,A. Gerhardt,,,,,,,,,,,,,,,,,,,,,,,,,,,,,
2545245435,128,1,1,10,42,eyecbfb1ur2104bhhwazhvrf,0,77.3,26.3,2023-05-07T14:12:10.022Z,2023-05-07T14:12:11Z,4259071261,141,35.8,4259071265,212,6.5,4259071267,213,1.5,4259071257,56,Center,4259071259,140,77.8,,,,,,,,,,efynp5qo9b9x0lh9b4ft0ic8a,G. Corley,,,,,,,,,,,,,,,,,,,,,,,,,,,,,
2545245511,93,49,1,10,47,6mng5xcarvyip7ixoss7au245,1,25.5,55.5,2023-05-07T14:12:15.168Z,2023-05-07T14:12:23Z,,,,,,,,,,,,,,,,,,,,,,,,,agqhiv0awfumj9c4sbq81hh7u,P. Culver,,,,,,,,,,,,,,,,,,,,,,,,,,,,,
2545245521,94,1,1,10,47,6mng5xcarvyip7ixoss7au245,0,25.5,55.5,2023-05-07T14:12:15.614Z,2023-05-07T14:12:16Z,4259071783,56,Left,4259071791,213,0.7,4259071781,157,,4259071793,1,,4259071789,212,50.8,4259071785,140,63.6,4259071787,141,100.0,,,,agqhiv0awfumj9c4sbq81hh7u,P. Culver,,,,,,,,,,,,,,,,,,,,,,,,,,,,,
2545245527,95,5,1,10,48,6mng5xcarvyip7ixoss7au245,0,67.4,101.5,2023-05-07T14:12:16.213Z,2023-05-07T14:12:22Z,4259071811,347,,4259071809,56,Left,4259072513,233,129,,,,,,,,,,,,,,,,agqhiv0awfumj9c4sbq81hh7u,P. Culver,,,,,,,,,,,,,,,,,,,,,,,,,,,,,
2545245635,129,5,1,10,52,eyecbfb1ur2104bhhwazhvrf,1,32.6,-1.5,2023-05-07T14:12:19.816Z,2023-05-07T14:12:22Z,4259072479,233,95,4259072471,347,,4259072469,56,Back,,,,,,,,,,,,,,,,efynp5qo9b9x0lh9b4ft0ic8a,G. Corley,,,,,,,,,,,,,,,,,,,,,,,,,,,,,
2545245677,130,1,1,10,54,eyecbfb1ur2104bhhwazhvrf,1,28.8,0,2023-05-07T14:12:21.766Z,2023-05-07T14:12:24Z,4259072749,141,23.8,4259072747,140,22.0,4259072745,56,Back,4259072751,212,18.6,4259072743,107,,4259072753,213,2.0,,,,,,,1l4s1w66pir9xk79jp78bxnmx,S. Linder,,,,,,,,,,,,,,,,,,,,,,,,,,,,,
2545245715,131,1,1,10,57,eyecbfb1ur2104bhhwazhvrf,1,25.9,28,2023-05-07T14:12:24.759Z,2023-05-07T14:12:27Z,4259072957,212,16.2,4259072951,56,Back,4259072953,140,21.6,4259072955,141,50.9,4259072959,213,1.9,,,,,,,,,,1oib97ihu6ofz1fvsvih0mnkl,L. Bühler,,,,,,,,,,,,,,,,,,,,,,,,,,,,,
2545245741,132,1,1,10,59,eyecbfb1ur2104bhhwazhvrf,1,21.6,48.8,2023-05-07T14:12:27.462Z,2023-05-07T14:12:29Z,4259073115,213,1.2,4259073109,140,27.8,4259073107,56,Back,4259073111,141,72.5,4259073113,212,17.4,,,,,,,,,,cwotwuxqimldexy77lqdh2t3p,M. Tufeković,,,,,,,,,,,,,,,,,,,,,,,,,,,,,
2545245807,133,1,1,11,2,eyecbfb1ur2104bhhwazhvrf,1,29.8,73.1,2023-05-07T14:12:30.614Z,2023-05-07T14:12:35Z,4259073585,212,22.8,4259073587,213,4.8,4259073581,140,31.9,4259073583,141,39.8,4259073579,56,Back,,,,,,,,,,25ord6k6oglqdzt77nrs19e5l,J. Feldkamp,,,,,,,,,,,,,,,,,,,,,,,,,,,,,
2545245839,134,1,1,11,7,eyecbfb1ur2104bhhwazhvrf,1,32.7,37.7,2023-05-07T14:12:35.014Z,2023-05-07T14:12:37Z,4259073789,140,56.8,4259073795,213,5.6,4259073787,56,Right,4259073797,1,,4259073793,212,32.3,4259073791,141,8.2,,,,,,,1oib97ihu6ofz1fvsvih0mnkl,L. Bühler,,,,,,,,,,,,,,,,,,,,,,,,,,,,,
2545245919,135,1,1,11,9,eyecbfb1ur2104bhhwazhvrf,1,57.2,7.7,2023-05-07T14:12:37.687Z,2023-05-07T14:12:42Z,4259074211,141,17.2,4259074201,155,,4259074221,1,,4259074219,213,0.2,4259074215,212,33.6,4259074205,56,Right,4259074209,140,88.6,,,,aq30av6eea3gxh2rk7c0bzi09,P. Krumbiegel,,,,,,,,,,,,,,,,,,,,,,,,,,,,,
2545245975,136,1,1,11,14,eyecbfb1ur2104bhhwazhvrf,0,89.1,17.3,2023-05-07T14:12:42.054Z,2023-05-07T14:12:45Z,4259074565,141,57.9,4259074569,213,1.3,4259074559,155,,4259074563,140,97.3,4259074561,56,Center,4259074557,2,,4259074567,212,28.9,,,,1l4s1w66pir9xk79jp78bxnmx,S. Linder,,,,,,,,,,,,,,,,,,,,,,,,,,,,,
2545246005,137,6,1,11,18,eyecbfb1ur2104bhhwazhvrf,1,99.5,58.2,2023-05-07T14:12:46.104Z,2023-05-07T14:12:48Z,4259074791,56,Center,4259074877,233,97,4259074793,73,,,,,,,,,,,,,,,,,1l4s1w66pir9xk79jp78bxnmx,S. Linder,,,,,,,,,,,,,,,,,,,,,,,,,,,,,
2545246009,96,12,1,11,19,6mng5xcarvyip7ixoss7au245,1,9.2,41.2,2023-05-07T14:12:47.054Z,2023-05-07T14:12:48Z,4259074817,213,3.1,4259074815,212,11.6,4259074809,56,Back,4259074811,140,0.0,4259074843,167,,4259074813,141,41.6,,,,,,,6yoqpu952gnc6trdg6vpala6t,W. Meister,,,,,,,,,,,,,,,,,,,,,,,,,,,,,
2545246013,97,6,1,11,19,6mng5xcarvyip7ixoss7au245,0,0.5,41.8,2023-05-07T14:12:47.493Z,2023-05-07T14:12:48Z,4259074881,233,137,4259074833,73,,4259074831,56,Back,,,,,,,,,,,,,,,,6yoqpu952gnc6trdg6vpala6t,W. Meister,,,,,,,,,,,,,,,,,,,,,,,,,,,,,
2545246569,139,1,1,11,42,eyecbfb1ur2104bhhwazhvrf,0,99.5,99.5,2023-05-07T14:13:10.441Z,2023-05-07T14:13:17Z,4259077979,212,69.0,4259077975,140,79.5,4259077965,2,,4259077969,155,,4259077983,1,,4259077977,141,2.9,4259077981,213,4.4,4259077971,225,,1abadnoiq5hbwpfzzyvho4vkl,K. Naschenweng,,4259077967,6,4259077973,56,Right,,,,,,,,,,,,,,,,,,,,,,,
2545246563,98,49,1,11,49,6mng5xcarvyip7ixoss7au245,1,11.9,94.1,2023-05-07T14:13:17.487Z,2023-05-07T14:13:17Z,,,,,,,,,,,,,,,,,,,,,,,,,3bg4ewc3n4ytybr96lc313ahh,M. Wiankowska,,,,,,,,,,,,,,,,,,,,,,,,,,,,,
2545246625,99,3,1,11,51,6mng5xcarvyip7ixoss7au245,1,25.6,94,2023-05-07T14:13:19.743Z,2023-05-07T14:13:22Z,4259078313,285,,4259078311,56,Back,4259078397,233,140,,,,,,,,,,,,,,,,3bg4ewc3n4ytybr96lc313ahh,M. Wiankowska,,,,,,,,,,,,,,,,,,,,,,,,,,,,,
2545246605,140,45,1,11,51,eyecbfb1ur2104bhhwazhvrf,0,74.4,6,2023-05-07T14:13:19.743Z,2023-05-07T14:13:22Z,4259078213,286,,4259078211,56,Right,4259078425,233,99,,,,,,,,,,,,,,,,25ord6k6oglqdzt77nrs19e5l,J. Feldkamp,,,,,,,,,,,,,,,,,,,,,,,,,,,,,
2545246643,100,1,1,11,53,6mng5xcarvyip7ixoss7au245,0,27.7,94.1,2023-05-07T14:13:21.727Z,2023-05-07T14:13:29Z,4259078457,141,96.9,4259078461,213,0.4,4259078451,155,,4259079055,236,,4259078453,56,Back,4259078455,140,32.1,4259078459,212,5.0,4259079061,286,,3bg4ewc3n4ytybr96lc313ahh,M. Wiankowska,,4259079057,233,,,,,,,,,,,,,,,,,,,,,,,,,141,
2545246847,101,5,1,11,55,6mng5xcarvyip7ixoss7au245,1,29.2,101.6,2023-05-07T14:13:23.311Z,2023-05-07T14:13:34Z,4259079739,56,Back,4259079741,347,,4259079783,233,142,,,,,,,,,,,,,,,,3bg4ewc3n4ytybr96lc313ahh,M. Wiankowska,,,,,,,,,,,,,,,,,,,,,,,,,,,,,
2545246673,141,74,1,11,56,eyecbfb1ur2104bhhwazhvrf,1,72.7,5.2,2023-05-07T14:13:24.224Z,2023-05-07T14:13:29Z,4259078639,56,Right,4259079083,233,100,4259079013,285,,,,,,,,,,,,,,,,,25ord6k6oglqdzt77nrs19e5l,J. Feldkamp,,,,,,,,,,,,,,,,,,,,,,,,,,,,,
2545246691,142,5,1,11,57,eyecbfb1ur2104bhhwazhvrf,0,70.8,-1.6,2023-05-07T14:13:25.064Z,2023-05-07T14:13:35Z,4259079817,233,101,4259078737,56,Right,4259078739,347,,,,,,,,,,,,,,,,,25ord6k6oglqdzt77nrs19e5l,J. Feldkamp,,,,,,,,,,,,,,,,,,,,,,,,,,,,,
2545246891,102,1,1,12,6,6mng5xcarvyip7ixoss7au245,1,24.2,100,2023-05-07T14:13:34.544Z,2023-05-07T14:13:37Z,4259079981,107,,4259079993,213,5.4,4259079983,56,Back,4259079991,212,15.6,4259079985,140,34.1,4259079987,141,84.8,,,,,,,42h5sz2axk69ifygo0wzuvr2t,J. Cramer,,,,,,,,,,,,,,,,,,,,,,,,,,,,,
2545246995,103,1,1,12,9,6mng5xcarvyip7ixoss7au245,1,34,83.8,2023-05-07T14:13:36.976Z,2023-05-07T14:13:42Z,4259080589,140,24.8,4259080595,213,2.5,4259080593,212,12.0,4259080591,141,94.2,4259080587,56,Back,,,,,,,,,,8xphahi0vi6fnh8ou88zzb6j9,A. Gerhardt,,,,,,,,,,,,,,,,,,,,,,,,,,,,,
2545246999,104,61,1,12,11,6mng5xcarvyip7ixoss7au245,1,24.8,94.2,2023-05-07T14:13:39.673Z,2023-05-07T14:14:00Z,4259080633,56,Back,4259080993,189,,,,,,,,,,,,,,,,,,,,42h5sz2axk69ifygo0wzuvr2t,J. Cramer,,,,,,,,,,,,,,,,,,,,,,,,,,,,,
2545247035,144,49,1,12,13,eyecbfb1ur2104bhhwazhvrf,1,69.9,33.4,2023-05-07T14:13:41.681Z,2023-05-07T14:14:24Z,,,,,,,,,,,,,,,,,,,,,,,,,efynp5qo9b9x0lh9b4ft0ic8a,G. Corley,,,,,,,,,,,,,,,,,,,,,,,,,,,,,
2545247029,143,1,1,12,14,eyecbfb1ur2104bhhwazhvrf,1,69.5,29.5,2023-05-07T14:13:42.633Z,2023-05-07T14:13:44Z,4259080823,56,Center,4259080831,213,2.2,4259080829,212,14.2,4259080825,140,61.9,4259080827,141,46.7,,,,,,,,,,efynp5qo9b9x0lh9b4ft0ic8a,G. Corley,,,,,,,,,,,,,,,,,,,,,,,,,,,,,
2545247115,145,15,1,12,17,eyecbfb1ur2104bhhwazhvrf,1,72.3,37.3,2023-05-07T14:13:45.528Z,2023-05-07T14:14:07Z,4259083155,230,82.5,4259083147,458,,4259081329,56,Center,4259083141,102,50.2,4259083157,231,42.2,4259083145,215,,4259082067,72,,4259083151,146,97.3,33nggo6w6e52yqmc2pa528xd5,C. Hagel,,4259082071,82,4259083143,103,19,4259081325,22,4259083149,100,,4259081327,18,4259083153,147,48.9,4259083139,78,,,,,,,,,,,
2545247155,146,6,1,12,22,eyecbfb1ur2104bhhwazhvrf,1,70.2,37.1,2023-05-07T14:13:50.154Z,2023-05-07T14:13:51Z,4259081543,73,,4259081541,56,Center,,,,,,,,,,,,,,,,,,,33nggo6w6e52yqmc2pa528xd5,C. Hagel,,,,,,,,,,,,,,,,,,,,,,,,,,,,,
2545247409,105,10,1,12,33,6mng5xcarvyip7ixoss7au245,1,20.9,51.6,2023-05-07T14:14:01.440Z,2023-05-07T14:14:26Z,4259082857,94,,4259082859,56,Back,,,,,,,,,,,,,,,,,,,agqhiv0awfumj9c4sbq81hh7u,P. Culver,,,,,,,,,,,,,,,,,,,,,,,,,,,,,
2545247425,106,6,1,12,34,6mng5xcarvyip7ixoss7au245,0,0,37,2023-05-07T14:14:02.401Z,2023-05-07T14:14:23Z,4259082981,56,Back,4259083069,73,,,,,,,,,,,,,,,,,,,,agqhiv0awfumj9c4sbq81hh7u,P. Culver,,,,,,,,,,,,,,,,,,,,,,,,,,,,,
2545247541,147,1,1,12,41,eyecbfb1ur2104bhhwazhvrf,0,99.5,99.5,2023-05-07T14:14:09.226Z,2023-05-07T14:14:12Z,4259083697,225,,4259083711,1,,4259083703,141,45.7,4259083701,140,100.0,4259083707,213,4.7,4259083693,6,,4259083695,155,,4259083699,56,Center,1abadnoiq5hbwpfzzyvho4vkl,K. Naschenweng,,4259083689,2,4259083705,212,36.6,,,,,,,,,,,,,,,,,,,,,,,
2545247519,107,5,1,12,43,6mng5xcarvyip7ixoss7au245,1,-1.3,54.2,2023-05-07T14:14:11.025Z,2023-05-07T14:14:13Z,4259083527,56,Back,4259083767,233,148,4259083529,346,,,,,,,,,,,,,,,,,agqhiv0awfumj9c4sbq81hh7u,P. Culver,,,,,,,,,,,,,,,,,,,,,,,,,,,,,
2545247545,148,5,1,12,44,eyecbfb1ur2104bhhwazhvrf,0,101.3,45.8,2023-05-07T14:14:12.467Z,2023-05-07T14:14:13Z,4259083727,346,,4259083725,56,Center,4259083781,233,107,,,,,,,,,,,,,,,,1abadnoiq5hbwpfzzyvho4vkl,K. Naschenweng,,,,,,,,,,,,,,,,,,,,,,,,,,,,,
2545247849,108,1,1,13,0,6mng5xcarvyip7ixoss7au245,1,3,62.1,2023-05-07T14:14:27.873Z,2023-05-07T14:14:29Z,4259085311,140,13.4,4259085309,56,Back,4259085305,124,,4259085323,213,1.0,4259085315,141,86.9,4259085321,212,20.1,4259085327,237,,,,,do1uv3ohvyvodhcindxj76qy1,A. Wellmann,,,,,,,,,,,,,,,,,,,,,,,,,,,,,
2545247869,109,1,1,13,2,6mng5xcarvyip7ixoss7au245,1,13.4,86.9,2023-05-07T14:14:29.793Z,2023-05-07T14:14:31Z,4259085433,213,0.5,4259085431,212,11.7,4259085429,141,94.8,4259085425,56,Back,4259085427,140,23.3,,,,,,,,,,e3gddzy59fp8lidsr83vpw12i,I. Kuznetsov,,,,,,,,,,,,,,,,,,,,,,,,,,,,,
2545247915,110,1,1,13,3,6mng5xcarvyip7ixoss7au245,0,23.8,94.5,2023-05-07T14:14:30.929Z,2023-05-07T14:14:33Z,4259085671,212,21.1,4259085665,56,Back,4259085667,140,43.4,4259085669,141,100.0,4259085673,213,0.2,,,,,,,,,,42h5sz2axk69ifygo0wzuvr2t,J. Cramer,,,,,,,,,,,,,,,,,,,,,,,,,,,,,
2545247919,111,5,1,13,5,6mng5xcarvyip7ixoss7au245,0,42.3,101,2023-05-07T14:14:33.639Z,2023-05-07T14:14:40Z,4259085687,56,Back,4259085689,347,,4259086237,233,149,,,,,,,,,,,,,,,,42h5sz2axk69ifygo0wzuvr2t,J. Cramer,,,,,,,,,,,,,,,,,,,,,,,,,,,,,
2545248001,149,5,1,13,6,eyecbfb1ur2104bhhwazhvrf,1,57.7,-1,2023-05-07T14:14:34.539Z,2023-05-07T14:14:40Z,4259086187,233,111,4259086169,347,,4259086167,56,Right,,,,,,,,,,,,,,,,efynp5qo9b9x0lh9b4ft0ic8a,G. Corley,,,,,,,,,,,,,,,,,,,,,,,,,,,,,
2545248039,150,1,1,13,12,eyecbfb1ur2104bhhwazhvrf,1,42.7,0,2023-05-07T14:14:39.770Z,2023-05-07T14:14:41Z,4259086381,107,,4259086393,1,,4259086383,56,Back,4259086391,213,1.9,4259086389,212,29.2,4259086387,141,40.1,4259086385,140,34.7,,,,1oib97ihu6ofz1fvsvih0mnkl,L. Bühler,,,,,,,,,,,,,,,,,,,,,,,,,,,,,
2545248143,151,1,1,13,13,eyecbfb1ur2104bhhwazhvrf,1,34.7,40.1,2023-05-07T14:14:41.338Z,2023-05-07T14:14:47Z,4259086925,213,1.1,4259086917,56,Back,4259086923,212,17.3,4259086919,140,42.0,4259086921,141,62.9,,,,,,,,,,25ord6k6oglqdzt77nrs19e5l,J. Feldkamp,,,,,,,,,,,,,,,,,,,,,,,,,,,,,
2545248183,152,1,1,13,19,eyecbfb1ur2104bhhwazhvrf,1,41.7,65,2023-05-07T14:14:47.274Z,2023-05-07T14:14:49Z,4259087125,140,37.5,4259087129,141,23.8,4259087137,213,4.6,4259087133,212,28.4,4259087119,56,Back,,,,,,,,,,1abadnoiq5hbwpfzzyvho4vkl,K. Naschenweng,,,,,,,,,,,,,,,,,,,,,,,,,,,,,
2545248199,153,1,1,13,22,eyecbfb1ur2104bhhwazhvrf,1,40,26.2,2023-05-07T14:14:49.850Z,2023-05-07T14:14:52Z,4259087233,141,19.3,4259087231,140,60.2,4259087229,56,Right,4259087237,213,6.1,4259087235,212,21.7,,,,,,,,,,1oib97ihu6ofz1fvsvih0mnkl,L. Bühler,,,,,,,,,,,,,,,,,,,,,,,,,,,,,
2545248215,154,1,1,13,24,eyecbfb1ur2104bhhwazhvrf,1,60.2,19.3,2023-05-07T14:14:51.962Z,2023-05-07T14:14:52Z,4259087333,56,Back,4259087335,140,39.7,4259087337,141,26.9,4259087341,213,2.9,4259087339,212,22.1,,,,,,,,,,efynp5qo9b9x0lh9b4ft0ic8a,G. Corley,,,,,,,,,,,,,,,,,,,,,,,,,,,,,
2545248233,155,1,1,13,25,eyecbfb1ur2104bhhwazhvrf,1,39.7,26.9,2023-05-07T14:14:52.827Z,2023-05-07T14:14:54Z,4259087435,56,Back,4259087437,140,36.8,4259087439,141,63.0,4259087441,212,24.7,4259087443,213,1.7,,,,,,,,,,1oib97ihu6ofz1fvsvih0mnkl,L. Bühler,,,,,,,,,,,,,,,,,,,,,,,,,,,,,
2545248341,156,1,1,13,26,eyecbfb1ur2104bhhwazhvrf,1,36.8,63,2023-05-07T14:14:54.093Z,2023-05-07T14:14:59Z,4259087973,141,49.1,4259087971,140,24.8,4259087969,56,Back,4259087977,213,3.8,4259087975,212,15.8,,,,,,,,,,25ord6k6oglqdzt77nrs19e5l,J. Feldkamp,,,,,,,,,,,,,,,,,,,,,,,,,,,,,
2545248365,157,1,1,13,31,eyecbfb1ur2104bhhwazhvrf,1,24.8,49.1,2023-05-07T14:14:58.954Z,2023-05-07T14:15:01Z,4259088109,56,Back,4259088123,213,0.9,4259088115,141,66.8,4259088119,212,14.9,4259088111,140,33.2,,,,,,,,,,cwotwuxqimldexy77lqdh2t3p,M. Tufeković,,,,,,,,,,,,,,,,,,,,,,,,,,,,,
2545248563,158,1,1,13,37,eyecbfb1ur2104bhhwazhvrf,1,37.8,49.6,2023-05-07T14:15:05.163Z,2023-05-07T14:15:09Z,4259089115,212,16.5,4259089117,213,5.2,4259089109,56,Back,4259089111,140,45.1,4259089113,141,28.1,,,,,,,,,,25ord6k6oglqdzt77nrs19e5l,J. Feldkamp,,,,,,,,,,,,,,,,,,,,,,,,,,,,,
2545248625,159,1,1,13,41,eyecbfb1ur2104bhhwazhvrf,1,56.6,21.8,2023-05-07T14:15:09.451Z,2023-05-07T14:15:12Z,4259089477,213,5.7,4259089475,212,18.9,4259089469,56,Right,4259089471,140,71.8,4259089473,141,6.8,,,,,,,,,,1oib97ihu6ofz1fvsvih0mnkl,L. Bühler,,,,,,,,,,,,,,,,,,,,,,,,,,,,,
2545248667,160,1,1,13,44,eyecbfb1ur2104bhhwazhvrf,1,70.1,6.4,2023-05-07T14:15:12.283Z,2023-05-07T14:15:14Z,4259089729,141,10.6,4259089725,56,Right,4259089727,140,64.3,4259089733,213,2.7,4259089731,212,6.7,,,,,,,,,,efynp5qo9b9x0lh9b4ft0ic8a,G. Corley,,,,,,,,,,,,,,,,,,,,,,,,,,,,,
2545248701,161,1,1,13,46,eyecbfb1ur2104bhhwazhvrf,0,63,11.3,2023-05-07T14:15:14.299Z,2023-05-07T14:15:15Z,4259089933,212,22.5,4259089931,141,32.9,4259089929,140,79.2,4259089927,56,Center,4259089935,213,0.7,,,,,,,,,,1oib97ihu6ofz1fvsvih0mnkl,L. Bühler,,,,,,,,,,,,,,,,,,,,,,,,,,,,,
2545248713,112,1,1,13,47,6mng5xcarvyip7ixoss7au245,0,30.8,69.3,2023-05-07T14:15:15.378Z,2023-05-07T14:15:16Z,4259089999,157,,4259090009,141,61.8,4259090005,140,42.0,4259090015,1,,4259090001,56,Back,4259090013,213,5.9,4259090011,212,12.8,,,,e3gddzy59fp8lidsr83vpw12i,I. Kuznetsov,,,,,,,,,,,,,,,,,,,,,,,,,,,,,
2545248797,162,1,1,13,50,eyecbfb1ur2104bhhwazhvrf,0,66.1,31.7,2023-05-07T14:15:17.908Z,2023-05-07T14:15:22Z,4259090467,213,1.0,4259090453,3,,4259090463,141,47.0,4259090459,140,73.0,4259090465,212,12.7,4259090455,56,Center,,,,,,,epdlb32r151kz861mljb1rs9h,F. Harsch,,,,,,,,,,,,,,,,,,,,,,,,,,,,,
2545248767,113,49,1,13,50,6mng5xcarvyip7ixoss7au245,1,27,49.3,2023-05-07T14:15:18.226Z,2023-05-07T14:15:18Z,,,,,,,,,,,,,,,,,,,,,,,,,8xphahi0vi6fnh8ou88zzb6j9,A. Gerhardt,,,,,,,,,,,,,,,,,,,,,,,,,,,,,
2545248827,114,1,1,13,51,6mng5xcarvyip7ixoss7au245,1,34,54.3,2023-05-07T14:15:18.930Z,2023-05-07T14:15:21Z,4259090669,212,18.6,4259090667,141,27.9,4259090671,213,5.0,4259090665,140,38.6,4259090663,56,Back,,,,,,,,,,8xphahi0vi6fnh8ou88zzb6j9,A. Gerhardt,,,,,,,,,,,,,,,,,,,,,,,,,,,,,
2545248883,115,1,1,13,53,6mng5xcarvyip7ixoss7au245,0,38.2,27.1,2023-05-07T14:15:21.026Z,2023-05-07T14:15:23Z,4259090989,212,58.4,4259090985,140,87.1,4259090987,141,68.1,4259090981,155,,4259090993,1,,4259090983,56,Center,4259090991,213,0.5,,,,qygwawkthmtcn3sx4ptq0e8k,A. Grincenco,,,,,,,,,,,,,,,,,,,,,,,,,,,,,
2545248895,163,49,1,13,56,eyecbfb1ur2104bhhwazhvrf,1,12.8,33.5,2023-05-07T14:15:24.140Z,2023-05-07T14:15:24Z,,,,,,,,,,,,,,,,,,,,,,,,,cwotwuxqimldexy77lqdh2t3p,M. Tufeković,,,,,,,,,,,,,,,,,,,,,,,,,,,,,
2545249051,164,1,1,13,59,eyecbfb1ur2104bhhwazhvrf,1,12.8,33.5,2023-05-07T14:15:27.739Z,2023-05-07T14:15:32Z,4259091839,212,25.7,4259091835,141,63.9,4259091843,213,0.9,4259091829,56,Back,4259091833,140,27.4,,,,,,,,,,cwotwuxqimldexy77lqdh2t3p,M. Tufeković,,,,,,,,,,,,,,,,,,,,,,,,,,,,,
2545249069,165,1,1,14,4,eyecbfb1ur2104bhhwazhvrf,1,27.4,66.5,2023-05-07T14:15:32.091Z,2023-05-07T14:15:33Z,4259091957,141,67.2,4259091961,213,0.0,4259091953,56,Back,4259091955,140,36.7,4259091959,212,9.8,,,,,,,,,,25ord6k6oglqdzt77nrs19e5l,J. Feldkamp,,,,,,,,,,,,,,,,,,,,,,,,,,,,,
2545249109,166,1,1,14,5,eyecbfb1ur2104bhhwazhvrf,1,36.7,67.2,2023-05-07T14:15:32.972Z,2023-05-07T14:15:35Z,4259092199,141,62.3,4259092203,213,3.5,4259092197,140,27.2,4259092195,56,Back,4259092201,212,10.5,,,,,,,,,,33nggo6w6e52yqmc2pa528xd5,C. Hagel,,,,,,,,,,,,,,,,,,,,,,,,,,,,,
2545249177,167,1,1,14,7,eyecbfb1ur2104bhhwazhvrf,1,27.9,63.8,2023-05-07T14:15:35.467Z,2023-05-07T14:15:38Z,4259092565,141,32.5,4259092571,212,21.5,4259092561,56,Back,4259092575,213,4.8,4259092563,140,30.5,,,,,,,,,,25ord6k6oglqdzt77nrs19e5l,J. Feldkamp,,,,,,,,,,,,,,,,,,,,,,,,,,,,,
2545249239,168,1,1,14,11,eyecbfb1ur2104bhhwazhvrf,1,29.8,34,2023-05-07T14:15:38.780Z,2023-05-07T14:15:42Z,4259092879,56,Back,4259092883,141,13.1,4259092881,140,40.4,4259092885,212,18.1,4259092887,213,5.4,,,,,,,,,,1oib97ihu6ofz1fvsvih0mnkl,L. Bühler,,,,,,,,,,,,,,,,,,,,,,,,,,,,,
2545249323,169,1,1,14,14,eyecbfb1ur2104bhhwazhvrf,1,40.4,13.1,2023-05-07T14:15:41.820Z,2023-05-07T14:15:46Z,4259093299,56,Back,4259093301,140,29.0,4259093303,141,36.7,4259093305,212,20.0,4259093307,213,2.2,,,,,,,,,,1l4s1w66pir9xk79jp78bxnmx,S. Linder,,,,,,,,,,,,,,,,,,,,,,,,,,,,,
2545249383,170,1,1,14,18,eyecbfb1ur2104bhhwazhvrf,1,31.7,42.5,2023-05-07T14:15:45.884Z,2023-05-07T14:15:48Z,4259093633,141,67.5,4259093631,140,36.7,4259093629,56,Back,4259093637,213,1.3,4259093635,212,17.8,,,,,,,,,,1oib97ihu6ofz1fvsvih0mnkl,L. Bühler,,,,,,,,,,,,,,,,,,,,,,,,,,,,,
2545249513,171,1,1,14,20,eyecbfb1ur2104bhhwazhvrf,1,43.4,69,2023-05-07T14:15:48.364Z,2023-05-07T14:15:53Z,4259094293,141,68.9,4259094291,140,54.1,4259094289,56,Center,4259094297,213,6.3,4259094295,212,11.2,,,,,,,,,,25ord6k6oglqdzt77nrs19e5l,J. Feldkamp,,,,,,,,,,,,,,,,,,,,,,,,,,,,,
2545249551,172,1,1,14,25,eyecbfb1ur2104bhhwazhvrf,1,62.4,66.3,2023-05-07T14:15:53.372Z,2023-05-07T14:15:55Z,4259094463,213,1.4,4259094461,212,13.5,4259094447,56,Left,4259094459,141,86.0,4259094455,140,64.0,,,,,,,,,,6aym6t1mr1xzv5pxvbtbn6hgp,E. Memeti,,,,,,,,,,,,,,,,,,,,,,,,,,,,,
2545249645,173,1,1,14,27,eyecbfb1ur2104bhhwazhvrf,1,64,86,2023-05-07T14:15:55.180Z,2023-05-07T14:15:59Z,4259094929,141,54.6,4259094925,56,Center,4259094933,212,22.1,4259094927,140,58.6,4259094935,213,4.5,,,,,,,,,,1abadnoiq5hbwpfzzyvho4vkl,K. Naschenweng,,,,,,,,,,,,,,,,,,,,,,,,,,,,,
2545249683,174,1,1,14,31,eyecbfb1ur2104bhhwazhvrf,1,58.5,53.4,2023-05-07T14:15:58.813Z,2023-05-07T14:16:01Z,4259095145,213,5.9,4259095133,56,Center,4259095141,212,13.0,4259095139,141,46.3,4259095135,140,70.0,,,,,,,,,,epdlb32r151kz861mljb1rs9h,F. Harsch,,,,,,,,,,,,,,,,,,,,,,,,,,,,,
2545249745,175,1,1,14,33,eyecbfb1ur2104bhhwazhvrf,0,70.3,47,2023-05-07T14:16:01.644Z,2023-05-07T14:16:04Z,4259095541,213,5.5,4259095539,212,11.9,4259095537,141,35.3,4259095531,56,Center,4259095533,140,78.7,,,,,,,,,,efynp5qo9b9x0lh9b4ft0ic8a,G. Corley,,,,,,,,,,,,,,,,,,,,,,,,,,,,,
2545249743,116,8,1,14,36,6mng5xcarvyip7ixoss7au245,1,13.6,55.1,2023-05-07T14:16:04.196Z,2023-05-07T14:16:11Z,4259095525,56,Back,,,,,,,,,,,,,,,,,,,,,,agqhiv0awfumj9c4sbq81hh7u,P. Culver,,,,,,,,,,,,,,,,,,,,,,,,,,,,,
2545249779,176,6,1,14,37,eyecbfb1ur2104bhhwazhvrf,1,93.8,39.4,2023-05-07T14:16:05.085Z,2023-05-07T14:16:07Z,4259095709,56,Center,4259095823,233,117,4259095711,75,,,,,,,,,,,,,,,,,y7mxuyh5olv0rh5od3p2gtt5,M. Kössler,,,,,,,,,,,,,,,,,,,,,,,,,,,,,
2545249771,117,6,1,14,38,6mng5xcarvyip7ixoss7au245,0,6.2,60.6,2023-05-07T14:16:06.083Z,2023-05-07T14:16:17Z,4259095843,233,176,4259095765,73,,4259095661,56,Back,,,,,,,,,,,,,,,,agqhiv0awfumj9c4sbq81hh7u,P. Culver,,,,,,,,,,,,,,,,,,,,,,,,,,,,,
2545250269,177,1,1,15,8,eyecbfb1ur2104bhhwazhvrf,0,99.5,0.5,2023-05-07T14:16:36.173Z,2023-05-07T14:16:38Z,4259098537,213,1.8,4259098525,155,,4259098529,56,Center,4259098531,140,93.3,4259098533,141,37.7,4259098535,212,26.1,4259098527,225,,4259098523,6,,25ord6k6oglqdzt77nrs19e5l,J. Feldkamp,,4259098521,2,,,,,,,,,,,,,,,,,,,,,,,,,,
2545250301,118,12,1,15,11,6mng5xcarvyip7ixoss7au245,1,6.7,54.5,2023-05-07T14:16:39.188Z,2023-05-07T14:16:44Z,4259098723,140,34.7,4259098721,56,Back,4259098727,141,64.6,4259098733,213,0.2,4259098775,15,,4259098729,212,30.2,,,,,,,3bg4ewc3n4ytybr96lc313ahh,M. Wiankowska,,,,,,,,,,,,,,,,,,,,,,,,,,,,,
2545250401,178,1,1,15,13,eyecbfb1ur2104bhhwazhvrf,1,67.2,30.4,2023-05-07T14:16:41.277Z,2023-05-07T14:16:45Z,4259099267,56,Center,4259099271,141,55.1,4259099273,212,16.8,4259099275,213,1.5,4259099269,140,68.3,,,,,,,,,,aq30av6eea3gxh2rk7c0bzi09,P. Krumbiegel,,,,,,,,,,,,,,,,,,,,,,,,,,,,,
2545250465,179,1,1,15,17,eyecbfb1ur2104bhhwazhvrf,1,68.2,57,2023-05-07T14:16:45.645Z,2023-05-07T14:16:48Z,4259099595,213,3.6,4259099589,141,46.0,4259099585,56,Center,4259099587,140,52.1,4259099591,212,18.5,,,,,,,,,,33nggo6w6e52yqmc2pa528xd5,C. Hagel,,,,,,,,,,,,,,,,,,,,,,,,,,,,,
2545250537,180,1,1,15,21,eyecbfb1ur2104bhhwazhvrf,1,50.2,47.6,2023-05-07T14:16:48.797Z,2023-05-07T14:16:51Z,4259099941,140,66.3,4259099939,56,Center,4259099943,141,36.5,4259099945,212,18.5,4259099947,213,5.9,,,,,,,,,,1l4s1w66pir9xk79jp78bxnmx,S. Linder,,,,,,,,,,,,,,,,,,,,,,,,,,,,,
2545250555,181,1,1,15,23,eyecbfb1ur2104bhhwazhvrf,0,69.8,45.4,2023-05-07T14:16:51.566Z,2023-05-07T14:16:52Z,4259100031,212,6.7,4259100033,213,6.1,4259100027,140,76.0,4259100025,56,Center,4259100029,141,43.4,,,,,,,,,,6aym6t1mr1xzv5pxvbtbn6hgp,E. Memeti,,,,,,,,,,,,,,,,,,,,,,,,,,,,,
2545250589,119,8,1,15,26,6mng5xcarvyip7ixoss7au245,1,24,51.6,2023-05-07T14:16:53.893Z,2023-05-07T14:16:54Z,4259100183,56,Back,,,,,,,,,,,,,,,,,,,,,,e3gddzy59fp8lidsr83vpw12i,I. Kuznetsov,,,,,,,,,,,,,,,,,,,,,,,,,,,,,
2545250775,182,1,1,15,27,eyecbfb1ur2104bhhwazhvrf,1,94.2,69.8,2023-05-07T14:16:55.261Z,2023-05-07T14:18:00Z,4259108403,154,,4259101261,140,95.1,4259108401,210,16,4259101257,56,Center,4259101275,213,4.8,4259108405,22,,4259101265,141,51.0,4259101269,212,12.8,1abadnoiq5hbwpfzzyvho4vkl,K. Naschenweng,,,,,,,,,,,,,,,,,,,,,,,,,,,,,1
2545250783,183,16,1,15,31,eyecbfb1ur2104bhhwazhvrf,1,97.3,53.8,2023-05-07T14:16:58.878Z,2023-05-07T14:18:00Z,4259108495,230,99.4,4259108475,29,,4259101315,16,,4259104005,20,,4259101311,22,,4259108471,76,,4259108497,231,50.9,4259108487,102,54.2,y7mxuyh5olv0rh5od3p2gtt5,M. Kössler,,4259108491,214,4259101317,56,Center,4259108489,103,4259108479,154,,4259104021,375,4259104011,374,2023-05-07 15:16:58.648,4259108483,55,4259108493,328,,,,,5.1,15:30.891,182,,
2545252021,120,1,1,16,26,6mng5xcarvyip7ixoss7au245,1,50.1,50.4,2023-05-07T14:17:54.102Z,2023-05-07T14:17:57Z,4259108027,213,2.5,4259108025,212,12.1,4259108029,279,G,4259108021,140,40.7,4259108019,56,Back,4259108023,141,60.8,,,,,,,9nc0572mgpafxbjnrk55emtt6,J. De Filippo,,,,,,,,,,,,,,,,,,,,,,,,,,,,,
2545252137,121,1,1,16,29,6mng5xcarvyip7ixoss7au245,1,40.7,60.8,2023-05-07T14:17:56.982Z,2023-05-07T14:18:01Z,4259108679,213,4.2,4259108677,212,4.6,4259108675,141,55.1,4259108673,140,38.4,4259108671,56,Back,,,,,,,,,,8xphahi0vi6fnh8ou88zzb6j9,A. Gerhardt,,,,,,,,,,,,,,,,,,,,,,,,,,,,,
2545252151,122,1,1,16,33,6mng5xcarvyip7ixoss7au245,0,38.4,55.2,2023-05-07T14:18:01.158Z,2023-05-07T14:18:02Z,4259108779,213,0.3,4259108777,212,70.1,4259108775,141,87.4,4259108781,1,,4259108771,56,Left,4259108769,155,,4259108773,140,100.0,,,,8etvu6b9z7sm2rg3wqkmchk9h,M. Rouse,,,,,,,,,,,,,,,,,,,,,,,,,,,,,
2545252159,123,5,1,16,34,6mng5xcarvyip7ixoss7au245,0,101.8,87.4,2023-05-07T14:18:02.002Z,2023-05-07T14:18:02Z,4259108847,346,,4259108845,56,Left,,,,,,,,,,,,,,,,,,,8etvu6b9z7sm2rg3wqkmchk9h,M. Rouse,,,,,,,,,,,,,,,,,,,,,,,,,,,,,
2545252165,184,5,1,16,34,eyecbfb1ur2104bhhwazhvrf,1,-1,12.7,2023-05-07T14:18:02.688Z,2023-05-07T14:18:03Z,4259108865,56,Back,4259108867,346,,,,,,,,,,,,,,,,,,,,y7mxuyh5olv0rh5od3p2gtt5,M. Kössler,,,,,,,,,,,,,,,,,,,,,,,,,,,,,
