id,eventId,typeId,periodId,timeMin,timeSec,contestantId,outcome,x,y,timeStamp,lastModified,qualifier/0/id,qualifier/0/qualifierId,qualifier/0/value,qualifier/1/id,qualifier/1/qualifierId,qualifier/1/value,qualifier/2/id,qualifier/2/qualifierId,qualifier/2/value,qualifier/3/id,qualifier/3/qualifierId,qualifier/3/value,qualifier/4/id,qualifier/4/qualifierId,qualifier/4/value,qualifier/5/id,qualifier/5/qualifierId,qualifier/5/value,qualifier/6/id,qualifier/6/qualifierId,qualifier/6/value,qualifier/7/id,qualifier/7/qualifierId,qualifier/7/value,playerId,playerName,qualifier/8/id,qualifier/8/qualifierId,qualifier/8/value,qualifier/9/id,qualifier/9/qualifierId,qualifier/9/value,qualifier/10/id,qualifier/10/qualifierId,qualifier/11/id,qualifier/11/qualifierId,qualifier/12/id,qualifier/12/qualifierId,qualifier/12/value,qualifier/13/id,qualifier/13/qualifierId,qualifier/13/value,qualifier/14/id,qualifier/14/qualifierId,qualifier/14/value,keyPass,qualifier/10/value,qualifier/11/value
2545190299,1,34,16,0,0,bax97wqmyvdu4xygi7wzcvdzd,1,0,0,2023-05-07T13:17:04.135Z,2023-05-07T14:07:13Z,4259013325,197,17029,4258776917,44,"1, 2, 2, 3, 2, 2, 3, 3, 4, 3, 3, 5, 5, 5, 5, 5, 5, 5, 5, 5",4258776921,130,8,4258776925,194,aemsodynsywxzi5m7czbenob9,4258776923,131,"1, 2, 3, 4, 5, 6, 7, 8, 9, 10, 11, 0, 0, 0, 0, 0, 0, 0, 0, 0",4258776915,30,"biomno1rhjrnhw59fs2yisktm, mx0xcrbamcrs77w7socdzv11, b9gxo2rldtuz9mi8lzgnm0mxg, 380wlef6rk03khlb0t5elb04q, c45vx4712w32k3ttlgoijkhuy, d11imdjqgfg7c0vo1te98rvv8, 2b6315hlohr62lm3xzz5qidey, 4trepwlcclo2elj3epyrs0ep6, qirr699c3gjdqq420ssd9vit, ac6txr5931brb1tib9d92ok8a, aemsodynsywxzi5m7czbenob9, cwego71othceguyo85tw2m4iy, 6snu37yc5c4kl9i3eg92ndams, 2g09uohghh7k9c8de566k2led, 7xplwmgnz56mfkdwnjwep632s, 1tq2p5cd8gwndv33rrfl7zlxx, 536gqq71ria9n0bbncfzagru, 5g1fqltglztt6p9j20iwshbvu, 4ka05s9qgwog73yx3dsyp1s7o, 3l3ieiqvyz79tzfkniys3ifl6",4258776919,59,"32, 21, 25, 7, 8, 5, 19, 10, 11, 47, 17, 9, 13, 14, 20, 22, 23, 28, 30, 33",4258776929,227,"0, 0, 0, 0, 0, 0, 0, 0, 0, 0, 0, 0, 0, 0, 0, 0, 0, 0, 0, 0",,,,,,,,,,,,,,,,,,,,,,,,
2545193309,1,34,16,0,0,nuaf3wtujl8erbciumch6c65,1,0,0,2023-05-07T13:19:14.042Z,2023-05-07T13:59:08Z,4258792329,44,"1, 2, 2, 3, 2, 2, 3, 3, 4, 3, 3, 5, 5, 5, 5, 5, 5, 5, 5, 5",4258792337,194,bkbp6hl12kc3y8wohv9l3a66t,4259012547,197,8752,4258792335,131,"1, 2, 3, 4, 5, 6, 7, 8, 9, 10, 11, 0, 0, 0, 0, 0, 0, 0, 0, 0",4258792333,130,8,4258792331,59,"1, 22, 20, 19, 8, 16, 7, 17, 14, 18, 23, 2, 4, 5, 9, 10, 11, 15, 26, 31",4258792327,30,"49ur7byczvl0qkqn9y2qq73s9, dh4eziicycykt8h2zr0to5tuy, 8ovibbdbs49bwwwf3bbuij3hm, 6l7cn7fmomj88kfdyo9seopg5, bkbp6hl12kc3y8wohv9l3a66t, 62soqddjmkrj99mvi1wivj4k5, 1f2h3qvn7d1dv5wsv63bojazu, 28fi0st48wljpt3kyee510iga, 2iaatg2gvp5w4j27ycreiqjt, axjakqkndyt2k8v2b0y97tw16, 3p9ie3u7ej9o1wpzl4aonjtd6, 702asj69cc2fzzns98r7hp5p0, 1eoc1w0vz8jmz4i0mpg20fiay, 4ezh3co3xg75tx7b03cokenyt, 7rb7zn6mvelljw1e3gbv8mmsp, 9e95p87136h6zjam3zu0d9yol, 7ubpnkf47u1os2z47fam81i7e, 2ltzk74krenmfh5gzcjpc2k4q, 34ixdan8uojz66mob82kafxpm, 8zk6kcs75hjevbu61h9n2fkr9",4258792339,227,"0, 0, 0, 0, 0, 0, 0, 0, 0, 0, 0, 0, 0, 0, 0, 0, 0, 0, 0, 0",,,,,,,,,,,,,,,,,,,,,,,,
2545235871,2,32,1,0,0,bax97wqmyvdu4xygi7wzcvdzd,1,0,0,2023-05-07T14:02:06.673Z,2023-05-07T14:02:06Z,4259019599,127,Left to Right,,,,,,,,,,,,,,,,,,,,,,,,,,,,,,,,,,,,,,,,,,,,,
2545235877,2,32,1,0,0,nuaf3wtujl8erbciumch6c65,1,0,0,2023-05-07T14:02:06.673Z,2023-05-07T14:02:08Z,4259019625,127,Right to Left,,,,,,,,,,,,,,,,,,,,,,,,,,,,,,,,,,,,,,,,,,,,,
2545235931,3,1,1,0,0,bax97wqmyvdu4xygi7wzcvdzd,1,50,50,2023-05-07T14:02:06.773Z,2023-05-07T14:02:12Z,4259019925,212,15.4,4259019921,140,35.4,4259019923,141,51.9,4259019927,213,3.1,4259019929,279,S,4259019919,56,Back,,,,,,,qirr699c3gjdqq420ssd9vit,D. Hoppius,,,,,,,,,,,,,,,,,,,,,,
2545235943,4,1,1,0,5,bax97wqmyvdu4xygi7wzcvdzd,1,35.2,53.4,2023-05-07T14:02:12.228Z,2023-05-07T14:02:13Z,4259019989,140,28.5,4259019993,212,13.1,4259019995,213,2.1,4259019991,141,69.6,4259019987,56,Back,,,,,,,,,,4trepwlcclo2elj3epyrs0ep6,M. Günster,,,,,,,,,,,,,,,,,,,,,,
2545235965,5,1,1,0,9,bax97wqmyvdu4xygi7wzcvdzd,1,27.1,67.9,2023-05-07T14:02:16.355Z,2023-05-07T14:02:28Z,4259020167,56,Back,4259020169,140,27.2,4259020171,141,34.9,4259020175,213,4.7,4259020173,212,22.4,,,,,,,,,,d11imdjqgfg7c0vo1te98rvv8,P. Flach,,,,,,,,,,,,,,,,,,,,,,
2545235987,6,1,1,0,10,bax97wqmyvdu4xygi7wzcvdzd,1,27.2,34.9,2023-05-07T14:02:17.043Z,2023-05-07T14:02:20Z,4259020289,141,75.7,4259020285,56,Back,4259020293,213,1.5,4259020291,212,27.9,4259020287,140,30.0,,,,,,,,,,c45vx4712w32k3ttlgoijkhuy,V. Fürst,,,,,,,,,,,,,,,,,,,,,,
2545236005,7,1,1,0,14,bax97wqmyvdu4xygi7wzcvdzd,1,27.2,75,2023-05-07T14:02:20.692Z,2023-05-07T14:02:24Z,4259020399,141,58.4,4259020395,56,Back,4259020401,212,20.6,4259020403,213,3.7,4259020397,140,10.8,,,,,,,,,,d11imdjqgfg7c0vo1te98rvv8,P. Flach,,,,,,,,,,,,,,,,,,,,,,
2545236033,8,1,1,0,17,bax97wqmyvdu4xygi7wzcvdzd,1,11.2,56.6,2023-05-07T14:02:23.907Z,2023-05-07T14:02:27Z,4259020549,140,21.4,4259020547,56,Back,4259020551,141,31.3,4259020555,213,5.3,4259020553,212,20.3,,,,,,,,,,biomno1rhjrnhw59fs2yisktm,E. Mahmutovic,,,,,,,,,,,,,,,,,,,,,,
2545236077,9,1,1,0,22,bax97wqmyvdu4xygi7wzcvdzd,1,23.1,34.6,2023-05-07T14:02:28.836Z,2023-05-07T14:02:30Z,4259020813,141,68.1,4259020815,212,22.9,4259020811,140,25.4,4259020817,213,1.5,4259020807,56,Back,,,,,,,,,,c45vx4712w32k3ttlgoijkhuy,V. Fürst,,,,,,,,,,,,,,,,,,,,,,
2545236099,10,1,1,0,24,bax97wqmyvdu4xygi7wzcvdzd,1,24.9,82,2023-05-07T14:02:30.868Z,2023-05-07T14:02:33Z,4259020965,56,Back,4259020967,140,34.6,4259020969,141,96.8,4259020973,213,0.8,4259020971,212,14.3,,,,,,,,,,d11imdjqgfg7c0vo1te98rvv8,P. Flach,,,,,,,,,,,,,,,,,,,,,,
2545236119,11,1,1,0,26,bax97wqmyvdu4xygi7wzcvdzd,0,30.4,92.9,2023-05-07T14:02:33.300Z,2023-05-07T14:02:35Z,4259021079,140,31.9,4259021083,212,39.1,4259021085,213,4.8,4259021081,141,35.4,4259021077,56,Back,4259021087,1,,,,,,,,aemsodynsywxzi5m7czbenob9,Y. Zielinski,,,,,,,,,,,,,,,,,,,,,,
2545236133,3,49,1,0,29,nuaf3wtujl8erbciumch6c65,1,61.5,61.1,2023-05-07T14:02:36.150Z,2023-05-07T14:02:36Z,,,,,,,,,,,,,,,,,,,,,,,,,3p9ie3u7ej9o1wpzl4aonjtd6,L. Andrade,,,,,,,,,,,,,,,,,,,,,,
2545236171,4,13,1,0,31,nuaf3wtujl8erbciumch6c65,1,72.9,53.8,2023-05-07T14:02:38.340Z,2023-05-07T14:02:57Z,4259021303,22,,4259021305,18,,4259022271,215,,4259022275,230,98.8,4259022273,458,,4259022267,102,57.3,4259021687,20,,4259022277,231,50.2,3p9ie3u7ej9o1wpzl4aonjtd6,L. Andrade,4259022269,103,36.1,4259021307,56,Center,4259022265,83,,,,,,,,,,,,,,
2545236165,12,5,1,0,32,bax97wqmyvdu4xygi7wzcvdzd,1,-1.4,40.6,2023-05-07T14:02:39.332Z,2023-05-07T14:02:42Z,4259021287,346,,4259021285,56,Back,4259021425,233,5,,,,,,,,,,,,,,,,aemsodynsywxzi5m7czbenob9,Y. Zielinski,,,,,,,,,,,,,,,,,,,,,,
2545236189,5,5,1,0,34,nuaf3wtujl8erbciumch6c65,0,101.4,59.4,2023-05-07T14:02:41.396Z,2023-05-07T14:02:42Z,4259021389,56,Center,4259021433,233,12,4259021391,346,,,,,,,,,,,,,,,,,3p9ie3u7ej9o1wpzl4aonjtd6,L. Andrade,,,,,,,,,,,,,,,,,,,,,,
2545236507,13,1,1,0,55,bax97wqmyvdu4xygi7wzcvdzd,0,5.1,41.6,2023-05-07T14:03:02.165Z,2023-05-07T14:03:09Z,4259022939,56,Back,4259022949,1,,4259022951,74,,4259022947,213,6.0,4259022943,141,24.0,4259022941,140,47.0,4259022945,212,45.6,4259022937,124,,biomno1rhjrnhw59fs2yisktm,E. Mahmutovic,,,,,,,,,,,,,,,,,,,,,,
2545236547,14,44,1,0,58,bax97wqmyvdu4xygi7wzcvdzd,0,48.1,22.5,2023-05-07T14:03:04.854Z,2023-05-07T14:05:51Z,4259023107,285,,4259023185,233,6,4259023105,56,Back,,,,,,,,,,,,,,,,qirr699c3gjdqq420ssd9vit,D. Hoppius,,,,,,,,,,,,,,,,,,,,,,
2545236515,6,44,1,1,0,nuaf3wtujl8erbciumch6c65,1,51.9,77.5,2023-05-07T14:03:07.225Z,2023-05-07T14:05:51Z,4259023175,233,14,4259034809,286,,4259022987,56,Center,,,,,,,,,,,,,,,,3p9ie3u7ej9o1wpzl4aonjtd6,L. Andrade,,,,,,,,,,,,,,,,,,,,,,
2545238399,33,44,1,1,0,bax97wqmyvdu4xygi7wzcvdzd,0,57,17.2,2023-05-07T14:03:07.226Z,2023-05-07T14:05:38Z,4259033697,233,6,4259033481,286,,4259033479,56,Right,,,,,,,,,,,,,,,,4trepwlcclo2elj3epyrs0ep6,M. Günster,,,,,,,,,,,,,,,,,,,,,,
2545236625,7,1,1,1,2,nuaf3wtujl8erbciumch6c65,1,50.8,79,2023-05-07T14:03:09.044Z,2023-05-07T14:03:15Z,4259023475,141,96.0,4259023467,140,24.3,4259023461,3,,4259023463,168,,4259023465,56,Back,4259023479,212,30.1,4259023481,213,2.7,,,,3p9ie3u7ej9o1wpzl4aonjtd6,L. Andrade,,,,,,,,,,,,,,,,,,,,,,
2545236633,15,5,1,1,5,bax97wqmyvdu4xygi7wzcvdzd,1,55.6,-1.4,2023-05-07T14:03:12.341Z,2023-05-07T14:03:17Z,4259023519,347,,4259023517,56,Right,4259023595,233,10,,,,,,,,,,,,,,,,qirr699c3gjdqq420ssd9vit,D. Hoppius,,,,,,,,,,,,,,,,,,,,,,
2545236631,8,44,1,1,8,nuaf3wtujl8erbciumch6c65,1,26.1,90.6,2023-05-07T14:03:15.285Z,2023-05-07T14:03:15Z,4259023503,56,Back,4259023507,285,,,,,,,,,,,,,,,,,,,,8ovibbdbs49bwwwf3bbuij3hm,J. Pollak,,,,,,,,,,,,,,,,,,,,,,
2545236637,9,1,1,1,9,nuaf3wtujl8erbciumch6c65,0,26.1,90.6,2023-05-07T14:03:15.684Z,2023-05-07T14:03:16Z,4259023527,56,Back,4259023525,3,,4259023533,212,13.1,4259023531,141,100.0,4259023535,213,0.6,4259023529,140,36.5,,,,,,,8ovibbdbs49bwwwf3bbuij3hm,J. Pollak,,,,,,,,,,,,,,,,,,,,,,
2545236763,16,43,1,1,9,bax97wqmyvdu4xygi7wzcvdzd,1,0,0,2023-05-07T14:03:15.783Z,2023-05-07T14:03:40Z,4259024171,107,0,4259024175,140,52.2,4259024173,56,Right,4259024177,141,20.6,4259024181,213,1.7,4259024179,212,14.9,4259025231,144,1,,,,mx0xcrbamcrs77w7socdzv11,S. Freutel,,,,,,,,,,,,,,,,,,,,,,
2545236643,10,57,1,1,9,nuaf3wtujl8erbciumch6c65,1,0,0,2023-05-07T14:03:16.326Z,2023-05-07T14:05:39Z,4259023553,56,Back,,,,,,,,,,,,,,,,,,,,,,,,,,,,,,,,,,,,,,,,,,,,,
2545236969,17,57,1,1,36,bax97wqmyvdu4xygi7wzcvdzd,0,0,0,2023-05-07T14:03:43.010Z,2023-05-07T14:03:51Z,4259025397,56,Right,,,,,,,,,,,,,,,,,,,,,,4trepwlcclo2elj3epyrs0ep6,M. Günster,,,,,,,,,,,,,,,,,,,,,,
2545236985,11,5,1,1,36,nuaf3wtujl8erbciumch6c65,1,50.2,101,2023-05-07T14:03:43.222Z,2023-05-07T14:05:00Z,4259025501,56,Left,4259025503,347,,,,,,,,,,,,,,,,,,,,3p9ie3u7ej9o1wpzl4aonjtd6,L. Andrade,,,,,,,,,,,,,,,,,,,,,,
2545237009,12,1,1,1,37,nuaf3wtujl8erbciumch6c65,0,50.2,100,2023-05-07T14:03:44.421Z,2023-05-07T14:03:46Z,4259025643,141,87.1,4259025645,212,16.7,4259025637,107,,4259025641,140,63.3,4259025647,213,5.7,4259025639,56,Left,,,,,,,8ovibbdbs49bwwwf3bbuij3hm,J. Pollak,,,,,,,,,,,,,,,,,,,,,,
2545237095,13,5,1,1,40,nuaf3wtujl8erbciumch6c65,1,65.8,100.5,2023-05-07T14:03:47.350Z,2023-05-07T14:03:53Z,4259026187,233,19,4259026173,347,,4259026171,56,Left,,,,,,,,,,,,,,,,8ovibbdbs49bwwwf3bbuij3hm,J. Pollak,,,,,,,,,,,,,,,,,,,,,,
2545237043,18,12,1,1,42,bax97wqmyvdu4xygi7wzcvdzd,1,27.6,13.1,2023-05-07T14:03:48.694Z,2023-05-07T14:03:50Z,4259025895,212,10.7,4259025891,141,0.0,4259025887,140,32.4,4259025883,56,Back,4259025949,167,,4259025899,213,5.2,,,,,,,ac6txr5931brb1tib9d92ok8a,S. Vobian,,,,,,,,,,,,,,,,,,,,,,
2545237051,19,5,1,1,42,bax97wqmyvdu4xygi7wzcvdzd,0,34.2,-0.5,2023-05-07T14:03:49.136Z,2023-05-07T14:03:53Z,4259025925,347,,4259025921,56,Back,4259026205,233,13,,,,,,,,,,,,,,,,ac6txr5931brb1tib9d92ok8a,S. Vobian,,,,,,,,,,,,,,,,,,,,,,
2545237171,14,1,1,1,50,nuaf3wtujl8erbciumch6c65,0,69.7,100,2023-05-07T14:03:57.414Z,2023-05-07T14:03:59Z,4259026697,140,81.6,4259026693,107,,4259026695,56,Center,4259026699,141,76.7,4259026705,213,5.4,4259026703,212,20.7,,,,,,,8ovibbdbs49bwwwf3bbuij3hm,J. Pollak,,,,,,,,,,,,,,,,,,,,,,
2545237151,20,8,1,1,51,bax97wqmyvdu4xygi7wzcvdzd,1,19.8,12.2,2023-05-07T14:03:58.294Z,2023-05-07T14:03:58Z,4259026593,56,Back,,,,,,,,,,,,,,,,,,,,,,4trepwlcclo2elj3epyrs0ep6,M. Günster,,,,,,,,,,,,,,,,,,,,,,
2545237187,21,49,1,1,53,bax97wqmyvdu4xygi7wzcvdzd,1,24.7,30.7,2023-05-07T14:04:00.296Z,2023-05-07T14:04:00Z,,,,,,,,,,,,,,,,,,,,,,,,,ac6txr5931brb1tib9d92ok8a,S. Vobian,,,,,,,,,,,,,,,,,,,,,,
2545237201,22,1,1,1,54,bax97wqmyvdu4xygi7wzcvdzd,0,25.9,37.6,2023-05-07T14:04:01.031Z,2023-05-07T14:04:02Z,4259026933,56,Back,4259026935,140,40.1,4259026939,212,17.1,4259026937,141,25.2,4259026941,213,5.8,,,,,,,,,,ac6txr5931brb1tib9d92ok8a,S. Vobian,,,,,,,,,,,,,,,,,,,,,,
2545237223,15,49,1,1,58,nuaf3wtujl8erbciumch6c65,1,68.6,75.1,2023-05-07T14:04:05.206Z,2023-05-07T14:04:05Z,,,,,,,,,,,,,,,,,,,,,,,,,6l7cn7fmomj88kfdyo9seopg5,A. Moraitou,,,,,,,,,,,,,,,,,,,,,,
2545237277,16,1,1,1,58,nuaf3wtujl8erbciumch6c65,1,67.4,73.3,2023-05-07T14:04:05.654Z,2023-05-07T14:04:09Z,4259027379,56,Center,4259027381,140,76.8,4259027385,212,10.2,4259027383,141,69.7,4259027387,213,6.0,,,,,,,,,,6l7cn7fmomj88kfdyo9seopg5,A. Moraitou,,,,,,,,,,,,,,,,,,,,,,
2545237313,17,1,1,2,2,nuaf3wtujl8erbciumch6c65,1,76.9,72.4,2023-05-07T14:04:09.366Z,2023-05-07T14:04:11Z,4259027473,1,,4259027469,213,3.6,4259027467,212,40.1,4259027461,56,Back,4259027465,141,47.5,4259027463,140,42.3,,,,,,,axjakqkndyt2k8v2b0y97tw16,M. Hirata,,,,,,,,,,,,,,,,,,,,,,
2545237351,18,1,1,2,5,nuaf3wtujl8erbciumch6c65,1,39.7,39.5,2023-05-07T14:04:11.846Z,2023-05-07T14:04:14Z,4259027667,140,19.4,4259027665,56,Back,4259027669,141,45.4,4259027673,213,3.0,4259027671,212,21.7,,,,,,,,,,bkbp6hl12kc3y8wohv9l3a66t,L. Weiss,,,,,,,,,,,,,,,,,,,,,,
2545237357,19,1,1,2,7,nuaf3wtujl8erbciumch6c65,1,22.7,47.8,2023-05-07T14:04:14.086Z,2023-05-07T14:04:15Z,4259027707,213,1.2,4259027699,56,Back,4259027705,212,15.1,4259027703,141,68.8,4259027701,140,27.3,,,,,,,,,,49ur7byczvl0qkqn9y2qq73s9,L. Sieger,,,,,,,,,,,,,,,,,,,,,,
2545237409,20,1,1,2,9,nuaf3wtujl8erbciumch6c65,1,29.4,74.5,2023-05-07T14:04:16.566Z,2023-05-07T14:04:19Z,4259028103,56,Back,4259028105,140,32.3,4259028107,141,91.4,4259028111,213,1.3,4259028109,212,11.9,,,,,,,,,,62soqddjmkrj99mvi1wivj4k5,S. Schulte,,,,,,,,,,,,,,,,,,,,,,
2545237469,21,1,1,2,12,nuaf3wtujl8erbciumch6c65,1,32.7,94.2,2023-05-07T14:04:19.350Z,2023-05-07T14:04:23Z,4259028477,56,Left,4259028479,140,54.1,4259028485,213,5.9,4259028483,212,23.9,4259028481,141,82.4,,,,,,,,,,8ovibbdbs49bwwwf3bbuij3hm,J. Pollak,,,,,,,,,,,,,,,,,,,,,,
2545237477,22,1,1,2,17,nuaf3wtujl8erbciumch6c65,0,54.2,82.3,2023-05-07T14:04:23.782Z,2023-05-07T14:04:24Z,4259028551,213,0.1,4259028547,141,84.4,4259028545,140,75.3,4259028543,56,Left,4259028549,212,22.2,,,,,,,,,,6l7cn7fmomj88kfdyo9seopg5,A. Moraitou,,,,,,,,,,,,,,,,,,,,,,
2545237479,23,49,1,2,18,bax97wqmyvdu4xygi7wzcvdzd,1,17.6,15,2023-05-07T14:04:25.112Z,2023-05-07T14:04:25Z,,,,,,,,,,,,,,,,,,,,,,,,,c45vx4712w32k3ttlgoijkhuy,V. Fürst,,,,,,,,,,,,,,,,,,,,,,
2545237529,24,1,1,2,18,bax97wqmyvdu4xygi7wzcvdzd,1,17.6,15,2023-05-07T14:04:25.448Z,2023-05-07T14:04:27Z,4259028767,212,24.3,4259028759,157,,4259028763,140,40.4,4259028765,141,9.1,4259028761,56,Back,4259028769,213,6.1,4259028771,1,,,,,c45vx4712w32k3ttlgoijkhuy,V. Fürst,,,,,,,,,,,,,,,,,,,,,,
2545237551,25,1,1,2,20,bax97wqmyvdu4xygi7wzcvdzd,1,40.4,9.1,2023-05-07T14:04:27.400Z,2023-05-07T14:04:29Z,4259028941,141,6.5,4259028945,213,3.3,4259028943,212,13.3,4259028937,56,Back,4259028933,3,,4259028939,140,27.8,,,,,,,2b6315hlohr62lm3xzz5qidey,A. Halverkamps,,,,,,,,,,,,,,,,,,,,,,
2545237587,26,1,1,2,22,bax97wqmyvdu4xygi7wzcvdzd,1,27.8,6.5,2023-05-07T14:04:29.352Z,2023-05-07T14:04:32Z,4259029139,56,Back,4259029147,213,0.6,4259029145,212,15.1,4259029141,140,39.5,4259029143,141,19.5,,,,,,,,,,mx0xcrbamcrs77w7socdzv11,S. Freutel,,,,,,,,,,,,,,,,,,,,,,
2545237603,27,1,1,2,25,bax97wqmyvdu4xygi7wzcvdzd,0,39.5,19.5,2023-05-07T14:04:32.040Z,2023-05-07T14:04:37Z,4259029225,56,Right,4259029229,141,9.8,4259029231,212,22.4,4259029233,213,6.0,4259029227,140,59.9,,,,,,,,,,4trepwlcclo2elj3epyrs0ep6,M. Günster,,,,,,,,,,,,,,,,,,,,,,
2545237635,23,8,1,2,29,nuaf3wtujl8erbciumch6c65,1,30.2,84.2,2023-05-07T14:04:35.704Z,2023-05-07T14:04:35Z,4259029367,56,Back,,,,,,,,,,,,,,,,,,,,,,3p9ie3u7ej9o1wpzl4aonjtd6,L. Andrade,,,,,,,,,,,,,,,,,,,,,,
2545237657,24,49,1,2,29,nuaf3wtujl8erbciumch6c65,1,30.2,83.6,2023-05-07T14:04:36.567Z,2023-05-07T14:04:36Z,,,,,,,,,,,,,,,,,,,,,,,,,3p9ie3u7ej9o1wpzl4aonjtd6,L. Andrade,,,,,,,,,,,,,,,,,,,,,,
2545237665,25,1,1,2,30,nuaf3wtujl8erbciumch6c65,1,30.2,83.6,2023-05-07T14:04:37.015Z,2023-05-07T14:04:38Z,4259029539,56,Back,4259029549,213,4.2,4259029545,212,11.2,4259029541,140,25.2,4259029543,141,69.1,,,,,,,,,,3p9ie3u7ej9o1wpzl4aonjtd6,L. Andrade,,,,,,,,,,,,,,,,,,,,,,
2545237677,26,1,1,2,31,nuaf3wtujl8erbciumch6c65,1,22.4,65.8,2023-05-07T14:04:38.150Z,2023-05-07T14:04:39Z,4259029595,140,5.2,4259029593,56,Back,4259029597,141,58.8,4259029601,213,3.4,4259029599,212,18.7,,,,,,,,,,bkbp6hl12kc3y8wohv9l3a66t,L. Weiss,,,,,,,,,,,,,,,,,,,,,,
2545237721,27,1,1,2,32,nuaf3wtujl8erbciumch6c65,1,3.2,55.4,2023-05-07T14:04:39.319Z,2023-05-07T14:04:43Z,4259029863,213,1.0,4259029861,212,23.8,4259029859,141,84.7,4259029857,140,15.6,4259029855,56,Back,,,,,,,,,,49ur7byczvl0qkqn9y2qq73s9,L. Sieger,,,,,,,,,,,,,,,,,,,,,,
2545237839,28,1,1,2,36,nuaf3wtujl8erbciumch6c65,1,19.2,83.9,2023-05-07T14:04:42.967Z,2023-05-07T14:04:54Z,4259030521,212,9.0,4259030523,213,0.7,4259030515,56,Back,4259030517,140,25.5,4259030519,141,92.9,,,,,,,,,,bkbp6hl12kc3y8wohv9l3a66t,L. Weiss,,,,,,,,,,,,,,,,,,,,,,
2545237845,29,4,1,2,42,nuaf3wtujl8erbciumch6c65,1,30.6,95.6,2023-05-07T14:04:48.855Z,2023-05-07T14:04:54Z,4259030557,285,,4259030549,13,,4259030565,233,28,4259030555,265,,4259030551,56,Back,4259030553,152,,,,,,,,8ovibbdbs49bwwwf3bbuij3hm,J. Pollak,,,,,,,,,,,,,,,,,,,,,,
2545237799,28,4,1,2,42,bax97wqmyvdu4xygi7wzcvdzd,0,69.4,4.4,2023-05-07T14:04:48.856Z,2023-05-07T14:04:55Z,4259030309,286,,4259030605,233,29,4259030307,152,,4259030305,56,Right,4259030301,13,,4259030303,294,,,,,,,,2b6315hlohr62lm3xzz5qidey,A. Halverkamps,,,,,,,,,,,,,,,,,,,,,,
2545238117,30,1,1,3,4,nuaf3wtujl8erbciumch6c65,1,31.1,94.5,2023-05-07T14:05:11.544Z,2023-05-07T14:05:15Z,4259031919,56,Back,4259031915,5,,4259031921,140,14.3,4259031925,212,19.4,4259031923,141,82.7,4259031927,213,3.6,4259031917,152,,,,,6l7cn7fmomj88kfdyo9seopg5,A. Moraitou,,,,,,,,,,,,,,,,,,,,,,
2545238199,31,1,1,3,8,nuaf3wtujl8erbciumch6c65,1,21.3,78.2,2023-05-07T14:05:15.496Z,2023-05-07T14:05:20Z,4259032299,213,4.9,4259032301,1,,4259032293,140,28.8,4259032291,56,Back,4259032295,141,19.1,4259032297,212,41.0,,,,,,,62soqddjmkrj99mvi1wivj4k5,S. Schulte,,,,,,,,,,,,,,,,,,,,,,
2545238221,32,1,1,3,13,nuaf3wtujl8erbciumch6c65,0,30.6,24.7,2023-05-07T14:05:20.088Z,2023-05-07T14:05:23Z,4259032477,236,,4259032417,213,3.0,4259032479,233,29,4259032483,286,,4259032413,141,25.6,4259032411,140,24.9,4259032415,212,6.0,4259032409,56,Back,bkbp6hl12kc3y8wohv9l3a66t,L. Weiss,,,,,,,,,,,,,,,,,,,,,,
2545238229,29,74,1,3,15,bax97wqmyvdu4xygi7wzcvdzd,1,67.6,79.7,2023-05-07T14:05:22.506Z,2023-05-07T14:05:23Z,4259032539,233,32,4259032453,285,,4259032451,56,Left,,,,,,,,,,,,,,,,aemsodynsywxzi5m7czbenob9,Y. Zielinski,,,,,,,,,,,,,,,,,,,,,,
2545238243,30,49,1,3,16,bax97wqmyvdu4xygi7wzcvdzd,1,67.6,79.7,2023-05-07T14:05:23.209Z,2023-05-07T14:05:23Z,,,,,,,,,,,,,,,,,,,,,,,,,aemsodynsywxzi5m7czbenob9,Y. Zielinski,,,,,,,,,,,,,,,,,,,,,,
2545238259,31,1,1,3,16,bax97wqmyvdu4xygi7wzcvdzd,0,71.2,82,2023-05-07T14:05:23.529Z,2023-05-07T14:05:26Z,4259032607,56,Center,4259032617,212,22.4,4259032611,140,88.4,4259032615,141,62.4,4259032619,213,5.6,,,,,,,,,,aemsodynsywxzi5m7czbenob9,Y. Zielinski,,,,,,,,,,,,,,,,,,,,,,
2545238281,33,49,1,3,19,nuaf3wtujl8erbciumch6c65,1,10.7,15.9,2023-05-07T14:05:25.705Z,2023-05-07T14:05:25Z,,,,,,,,,,,,,,,,,,,,,,,,,62soqddjmkrj99mvi1wivj4k5,S. Schulte,,,,,,,,,,,,,,,,,,,,,,
2545238339,34,1,1,3,21,nuaf3wtujl8erbciumch6c65,0,6.2,5.2,2023-05-07T14:05:27.912Z,2023-05-07T14:05:31Z,4259033091,141,0.0,4259033093,212,36.4,4259033095,213,6.2,4259033087,56,Back,4259033085,157,,4259033097,1,,4259033089,140,40.6,,,,62soqddjmkrj99mvi1wivj4k5,S. Schulte,,,,,,,,,,,,,,,,,,,,,,
2545238395,32,5,1,3,24,bax97wqmyvdu4xygi7wzcvdzd,1,67.6,101.2,2023-05-07T14:05:30.777Z,2023-05-07T14:05:35Z,4259033471,347,,4259033469,56,Left,4259033487,233,35,,,,,,,,,,,,,,,,aemsodynsywxzi5m7czbenob9,Y. Zielinski,,,,,,,,,,,,,,,,,,,,,,
2545238345,35,5,1,3,24,nuaf3wtujl8erbciumch6c65,0,32.4,-1.2,2023-05-07T14:05:31.182Z,2023-05-07T14:05:36Z,4259033135,347,,4259033133,56,Back,4259033523,233,32,,,,,,,,,,,,,,,,62soqddjmkrj99mvi1wivj4k5,S. Schulte,,,,,,,,,,,,,,,,,,,,,,
2545238457,34,1,1,3,32,bax97wqmyvdu4xygi7wzcvdzd,1,74.4,100,2023-05-07T14:05:39.402Z,2023-05-07T14:05:41Z,4259033865,107,,4259033867,56,Left,4259033869,140,83.3,4259033871,141,81.1,4259033875,213,5.3,4259033873,212,16.8,,,,,,,aemsodynsywxzi5m7czbenob9,Y. Zielinski,,,,,,,,,,,,,,,,,,,,,,
2545238461,35,61,1,3,34,bax97wqmyvdu4xygi7wzcvdzd,0,83.3,81.1,2023-05-07T14:05:40.922Z,2023-05-07T14:05:41Z,4259033895,56,Left,,,,,,,,,,,,,,,,,,,,,,380wlef6rk03khlb0t5elb04q,M. Cin,,,,,,,,,,,,,,,,,,,,,,
2545238503,36,43,1,3,37,nuaf3wtujl8erbciumch6c65,1,0,0,2023-05-07T14:05:43.833Z,2023-05-07T14:05:59Z,4259035367,144,8,4259034105,56,Back,,,,,,,,,,,,,,,,,,,2iaatg2gvp5w4j27ycreiqjt,M. Punsar,,,,,,,,,,,,,,,,,,,,,,
2545238521,37,49,1,3,38,nuaf3wtujl8erbciumch6c65,1,25.5,7.1,2023-05-07T14:05:44.841Z,2023-05-07T14:05:44Z,,,,,,,,,,,,,,,,,,,,,,,,,2iaatg2gvp5w4j27ycreiqjt,M. Punsar,,,,,,,,,,,,,,,,,,,,,,
2545238563,38,1,1,3,39,nuaf3wtujl8erbciumch6c65,1,18.9,5.3,2023-05-07T14:05:45.928Z,2023-05-07T14:05:48Z,4259034521,141,18.6,4259034525,213,2.6,4259034523,212,17.3,4259034519,140,4.9,4259034517,56,Back,,,,,,,,,,2iaatg2gvp5w4j27ycreiqjt,M. Punsar,,,,,,,,,,,,,,,,,,,,,,
2545238587,39,1,1,3,41,nuaf3wtujl8erbciumch6c65,1,2,21.5,2023-05-07T14:05:48.489Z,2023-05-07T14:05:50Z,4259034663,213,1.5,4259034661,212,18.2,4259034659,141,48.2,4259034657,140,2.8,4259034655,56,Back,,,,,,,,,,bkbp6hl12kc3y8wohv9l3a66t,L. Weiss,,,,,,,,,,,,,,,,,,,,,,
2545238627,40,1,1,3,43,nuaf3wtujl8erbciumch6c65,0,2.8,48.2,2023-05-07T14:05:50.153Z,2023-05-07T14:05:52Z,4259034861,213,5.7,4259034863,1,,4259034859,212,37.4,4259034857,141,19.4,4259034853,56,Back,4259034855,140,33.2,4259034851,157,,,,,49ur7byczvl0qkqn9y2qq73s9,L. Sieger,,,,,,,,,,,,,,,,,,,,,,
2545238669,36,1,1,3,46,bax97wqmyvdu4xygi7wzcvdzd,0,63,67,2023-05-07T14:05:52.874Z,2023-05-07T14:05:54Z,4259035101,3,,4259035105,56,Left,4259035113,212,24.8,4259035111,141,100.0,4259035115,213,1.2,4259035109,140,72.6,,,,,,,4trepwlcclo2elj3epyrs0ep6,M. Günster,,,,,,,,,,,,,,,,,,,,,,
2545238675,37,5,1,3,48,bax97wqmyvdu4xygi7wzcvdzd,0,71,100.8,2023-05-07T14:05:54.734Z,2023-05-07T14:06:06Z,4259035131,347,,4259035129,56,Left,4259035841,233,41,,,,,,,,,,,,,,,,4trepwlcclo2elj3epyrs0ep6,M. Günster,,,,,,,,,,,,,,,,,,,,,,
2545238809,41,5,1,3,48,nuaf3wtujl8erbciumch6c65,1,29,-0.8,2023-05-07T14:05:55.097Z,2023-05-07T14:06:06Z,4259035797,347,,4259035827,233,37,4259035795,56,Back,,,,,,,,,,,,,,,,49ur7byczvl0qkqn9y2qq73s9,L. Sieger,,,,,,,,,,,,,,,,,,,,,,
2545238859,42,1,1,3,59,nuaf3wtujl8erbciumch6c65,0,30.5,0,2023-05-07T14:06:06.025Z,2023-05-07T14:06:08Z,4259036027,1,,4259036017,56,Right,4259036015,107,,4259036025,213,0.1,4259036021,141,4.3,4259036023,212,29.4,4259036019,140,58.3,,,,dh4eziicycykt8h2zr0to5tuy,K. Bathmann,,,,,,,,,,,,,,,,,,,,,,
2545238875,38,1,1,4,2,bax97wqmyvdu4xygi7wzcvdzd,0,37.3,96.2,2023-05-07T14:06:09.563Z,2023-05-07T14:06:10Z,4259036139,141,100.0,4259036143,213,0.2,4259036137,140,49.1,4259036141,212,12.8,4259036135,56,Back,4259036133,3,,,,,,,,aemsodynsywxzi5m7czbenob9,Y. Zielinski,,,,,,,,,,,,,,,,,,,,,,
2545238881,39,5,1,4,3,bax97wqmyvdu4xygi7wzcvdzd,0,52.2,101.4,2023-05-07T14:06:10.296Z,2023-05-07T14:06:20Z,4259036163,56,Left,4259036801,233,43,4259036167,347,,,,,,,,,,,,,,,,,aemsodynsywxzi5m7czbenob9,Y. Zielinski,,,,,,,,,,,,,,,,,,,,,,
2545238995,43,5,1,4,3,nuaf3wtujl8erbciumch6c65,1,47.8,-1.4,2023-05-07T14:06:10.393Z,2023-05-07T14:06:20Z,4259036727,56,Back,4259036731,347,,4259036773,233,39,,,,,,,,,,,,,,,,dh4eziicycykt8h2zr0to5tuy,K. Bathmann,,,,,,,,,,,,,,,,,,,,,,
2545239031,44,1,1,4,13,nuaf3wtujl8erbciumch6c65,0,53.3,0,2023-05-07T14:06:19.834Z,2023-05-07T14:06:21Z,4259036925,107,,4259036939,141,6.2,4259036945,212,13.4,4259036929,56,Right,4259036935,140,65.1,4259036947,213,0.4,,,,,,,dh4eziicycykt8h2zr0to5tuy,K. Bathmann,,,,,,,,,,,,,,,,,,,,,,
2545239153,40,12,1,4,15,bax97wqmyvdu4xygi7wzcvdzd,1,23.6,91.8,2023-05-07T14:06:21.754Z,2023-05-07T14:06:29Z,4259037623,141,81.4,4259037625,212,31.2,4259037619,56,Left,4259037621,140,52.5,4259037627,213,6.1,,,,,,,,,,d11imdjqgfg7c0vo1te98rvv8,P. Flach,,,,,,,,,,,,,,,,,,,,,,
2545239203,45,1,1,4,21,nuaf3wtujl8erbciumch6c65,1,45.1,10.7,2023-05-07T14:06:28.571Z,2023-05-07T14:06:31Z,4259037871,140,45.8,4259037875,212,5.8,4259037873,141,19.1,4259037877,213,1.4,4259037863,3,,4259037867,56,Back,,,,,,,bkbp6hl12kc3y8wohv9l3a66t,L. Weiss,,,,,,,,,,,,,,,,,,,,,,
2545239159,41,49,1,4,22,bax97wqmyvdu4xygi7wzcvdzd,1,36.7,85.3,2023-05-07T14:06:29.307Z,2023-05-07T14:06:29Z,,,,,,,,,,,,,,,,,,,,,,,,,ac6txr5931brb1tib9d92ok8a,S. Vobian,,,,,,,,,,,,,,,,,,,,,,
2545239187,42,1,1,4,22,bax97wqmyvdu4xygi7wzcvdzd,1,36.7,85.3,2023-05-07T14:06:29.331Z,2023-05-07T14:06:31Z,4259037775,56,Back,4259037777,140,29.6,4259037785,212,8.8,4259037781,141,92.1,4259037791,213,2.6,,,,,,,,,,ac6txr5931brb1tib9d92ok8a,S. Vobian,,,,,,,,,,,,,,,,,,,,,,
2545239217,46,49,1,4,25,nuaf3wtujl8erbciumch6c65,1,50.8,18.8,2023-05-07T14:06:31.850Z,2023-05-07T14:06:32Z,,,,,,,,,,,,,,,,,,,,,,,,,62soqddjmkrj99mvi1wivj4k5,S. Schulte,,,,,,,,,,,,,,,,,,,,,,
2545239243,47,61,1,4,26,nuaf3wtujl8erbciumch6c65,0,59.4,9.7,2023-05-07T14:06:33.203Z,2023-05-07T14:07:00Z,4259038071,56,Right,,,,,,,,,,,,,,,,,,,,,,62soqddjmkrj99mvi1wivj4k5,S. Schulte,,,,,,,,,,,,,,,,,,,,,,
2545239277,43,1,1,4,27,bax97wqmyvdu4xygi7wzcvdzd,0,30.6,95.6,2023-05-07T14:06:33.772Z,2023-05-07T14:06:53Z,4259039927,286,,4259038273,1,,4259038271,213,0.0,4259038267,141,96.5,4259039923,233,49,4259039921,236,,4259038269,212,12.4,4259038261,157,,b9gxo2rldtuz9mi8lzgnm0mxg,K. Parcell,4259038265,140,42.4,4259038263,56,Back,,,,,,,,,,,,,,,,
2545239499,49,74,1,4,28,nuaf3wtujl8erbciumch6c65,1,60.7,6.7,2023-05-07T14:06:35.155Z,2023-05-07T14:06:53Z,4259039409,56,Right,4259039939,233,43,4259039411,285,,,,,,,,,,,,,,,,,1f2h3qvn7d1dv5wsv63bojazu,A. Margraf,,,,,,,,,,,,,,,,,,,,,,
2545239293,48,5,1,4,30,nuaf3wtujl8erbciumch6c65,0,56.5,-0.8,2023-05-07T14:06:36.683Z,2023-05-07T14:06:56Z,4259038347,347,,4259038345,56,Right,4259040159,233,44,,,,,,,,,,,,,,,,62soqddjmkrj99mvi1wivj4k5,S. Schulte,,,,,,,,,,,,,,,,,,,,,,
2545239625,44,5,1,4,30,bax97wqmyvdu4xygi7wzcvdzd,1,43.5,100.8,2023-05-07T14:06:37.403Z,2023-05-07T14:06:56Z,4259040069,347,,4259040101,233,48,4259040067,56,Back,,,,,,,,,,,,,,,,b9gxo2rldtuz9mi8lzgnm0mxg,K. Parcell,,,,,,,,,,,,,,,,,,,,,,
2545239749,45,1,1,4,54,bax97wqmyvdu4xygi7wzcvdzd,1,40.4,100,2023-05-07T14:07:01.197Z,2023-05-07T14:07:03Z,4259040689,56,Back,4259040699,1,,4259040697,213,4.5,4259040687,107,,4259040693,141,63.7,4259040691,140,34.9,4259040695,212,26.7,,,,b9gxo2rldtuz9mi8lzgnm0mxg,K. Parcell,,,,,,,,,,,,,,,,,,,,,,
2545239779,46,3,1,4,56,bax97wqmyvdu4xygi7wzcvdzd,1,42,61.2,2023-05-07T14:07:03.021Z,2023-05-07T14:07:08Z,4259041161,233,50,4259040849,286,,4259040843,56,Back,,,,,,,,,,,,,,,,380wlef6rk03khlb0t5elb04q,M. Cin,,,,,,,,,,,,,,,,,,,,,,
2545239825,50,45,1,4,56,nuaf3wtujl8erbciumch6c65,0,58,38.8,2023-05-07T14:07:03.021Z,2023-05-07T14:09:42Z,4259041207,233,46,4259041125,285,,4259041121,56,Center,,,,,,,,,,,,,,,,3p9ie3u7ej9o1wpzl4aonjtd6,L. Andrade,,,,,,,,,,,,,,,,,,,,,,
2545239865,47,1,1,4,57,bax97wqmyvdu4xygi7wzcvdzd,0,44.8,56.6,2023-05-07T14:07:04.269Z,2023-05-07T14:07:09Z,4259041339,213,5.8,4259041335,141,6.2,4259041333,140,100.0,4259041331,56,Right,4259041329,155,,4259041337,212,67.6,4259041341,1,,,,,380wlef6rk03khlb0t5elb04q,M. Cin,,,,,,,,,,,,,,,,,,,,,,
2545239871,48,5,1,5,2,bax97wqmyvdu4xygi7wzcvdzd,0,100.8,13.8,2023-05-07T14:07:09.077Z,2023-05-07T14:07:10Z,4259041363,346,,4259041361,56,Right,4259041417,233,51,,,,,,,,,,,,,,,,380wlef6rk03khlb0t5elb04q,M. Cin,,,,,,,,,,,,,,,,,,,,,,
2545239879,51,5,1,5,3,nuaf3wtujl8erbciumch6c65,1,-0.8,86.2,2023-05-07T14:07:10.077Z,2023-05-07T14:07:10Z,4259041385,56,Back,4259041387,346,,4259041413,233,48,,,,,,,,,,,,,,,,axjakqkndyt2k8v2b0y97tw16,M. Hirata,,,,,,,,,,,,,,,,,,,,,,
2545240085,52,1,1,5,13,nuaf3wtujl8erbciumch6c65,1,2.8,53.4,2023-05-07T14:07:20.622Z,2023-05-07T14:07:23Z,4259042461,124,,4259042463,56,Back,4259042465,140,12.7,4259042467,141,31.3,4259042469,212,18.3,4259042475,237,,4259042471,213,5.3,,,,49ur7byczvl0qkqn9y2qq73s9,L. Sieger,,,,,,,,,,,,,,,,,,,,,,
2545240121,53,1,1,5,16,nuaf3wtujl8erbciumch6c65,1,14.5,33.6,2023-05-07T14:07:23.564Z,2023-05-07T14:07:26Z,4259042669,141,75.1,4259042671,212,28.7,4259042673,213,1.8,4259042665,56,Back,4259042667,140,9.6,,,,,,,,,,bkbp6hl12kc3y8wohv9l3a66t,L. Weiss,,,,,,,,,,,,,,,,,,,,,,
2545240163,54,1,1,5,19,nuaf3wtujl8erbciumch6c65,1,13.3,73.2,2023-05-07T14:07:26.460Z,2023-05-07T14:07:30Z,4259042921,140,17.2,4259042925,212,12.6,4259042923,141,90.8,4259042919,56,Back,4259042927,213,1.2,,,,,,,,,,62soqddjmkrj99mvi1wivj4k5,S. Schulte,,,,,,,,,,,,,,,,,,,,,,
2545240193,55,1,1,5,23,nuaf3wtujl8erbciumch6c65,1,25.1,87.8,2023-05-07T14:07:30.140Z,2023-05-07T14:07:31Z,4259043077,140,18.3,4259043079,141,63.7,4259043083,212,17.9,4259043085,213,4.3,4259043075,56,Back,,,,,,,,,,8ovibbdbs49bwwwf3bbuij3hm,J. Pollak,,,,,,,,,,,,,,,,,,,,,,
2545240231,56,1,1,5,25,nuaf3wtujl8erbciumch6c65,1,16.6,61.2,2023-05-07T14:07:31.740Z,2023-05-07T14:07:34Z,4259043335,141,27.6,4259043333,140,20.2,4259043331,56,Back,4259043337,212,23.2,4259043339,213,4.9,,,,,,,,,,62soqddjmkrj99mvi1wivj4k5,S. Schulte,,,,,,,,,,,,,,,,,,,,,,
2545240285,57,1,1,5,27,nuaf3wtujl8erbciumch6c65,1,25.5,23.3,2023-05-07T14:07:34.284Z,2023-05-07T14:07:38Z,4259043735,212,25.7,4259043741,213,2.3,4259043719,56,Back,4259043721,140,9.8,4259043725,141,52.2,,,,,,,,,,bkbp6hl12kc3y8wohv9l3a66t,L. Weiss,,,,,,,,,,,,,,,,,,,,,,
2545240363,58,1,1,5,32,nuaf3wtujl8erbciumch6c65,1,6.2,56,2023-05-07T14:07:38.813Z,2023-05-07T14:07:44Z,4259044167,56,Back,4259044169,140,18.3,4259044175,213,1.1,4259044173,212,26.7,4259044171,141,90.6,,,,,,,,,,49ur7byczvl0qkqn9y2qq73s9,L. Sieger,,,,,,,,,,,,,,,,,,,,,,
2545240381,59,1,1,5,37,nuaf3wtujl8erbciumch6c65,0,18,93.2,2023-05-07T14:07:44.316Z,2023-05-07T14:07:45Z,4259044247,140,61.7,4259044255,212,45.9,4259044241,157,,4259044245,56,Left,4259044259,213,6.3,4259044249,141,92.3,4259044261,1,,,,,8ovibbdbs49bwwwf3bbuij3hm,J. Pollak,,,,,,,,,,,,,,,,,,,,,,
2545240401,49,49,1,5,40,bax97wqmyvdu4xygi7wzcvdzd,1,34.1,11,2023-05-07T14:07:47.326Z,2023-05-07T14:07:47Z,,,,,,,,,,,,,,,,,,,,,,,,,c45vx4712w32k3ttlgoijkhuy,V. Fürst,,,,,,,,,,,,,,,,,,,,,,
2545240437,50,1,1,5,42,bax97wqmyvdu4xygi7wzcvdzd,0,45.7,2.7,2023-05-07T14:07:48.753Z,2023-05-07T14:07:51Z,4259044523,1,,4259044521,213,0.3,4259044509,157,,4259044513,56,Right,4259044515,140,54.7,4259044517,141,7.1,4259044559,286,,4259044519,212,9.9,c45vx4712w32k3ttlgoijkhuy,V. Fürst,4259044553,236,,4259044555,233,60,,,,,,,,,,,,,,,,
2545240433,60,74,1,5,42,nuaf3wtujl8erbciumch6c65,1,44.4,94.2,2023-05-07T14:07:48.754Z,2023-05-07T14:07:49Z,4259044589,233,50,4259044495,285,,4259044493,56,Back,,,,,,,,,,,,,,,,3p9ie3u7ej9o1wpzl4aonjtd6,L. Andrade,,,,,,,,,,,,,,,,,,,,,,
2545240445,61,5,1,5,42,nuaf3wtujl8erbciumch6c65,0,50.3,101.2,2023-05-07T14:07:49.420Z,2023-05-07T14:07:52Z,4259044915,233,51,4259044595,347,,4259044591,56,Left,,,,,,,,,,,,,,,,3p9ie3u7ej9o1wpzl4aonjtd6,L. Andrade,,,,,,,,,,,,,,,,,,,,,,
2545240485,51,5,1,5,42,bax97wqmyvdu4xygi7wzcvdzd,1,49.7,-1.2,2023-05-07T14:07:49.631Z,2023-05-07T14:07:52Z,4259044895,233,61,4259044783,347,,4259044781,56,Back,,,,,,,,,,,,,,,,c45vx4712w32k3ttlgoijkhuy,V. Fürst,,,,,,,,,,,,,,,,,,,,,,
2545240587,52,1,1,5,46,bax97wqmyvdu4xygi7wzcvdzd,1,45.9,0,2023-05-07T14:07:53.374Z,2023-05-07T14:08:17Z,4259045307,141,34.8,4259045305,140,45.9,4259045303,56,Back,4259045301,107,,4259045313,1,,4259045311,213,1.6,4259045309,212,24.8,,,,mx0xcrbamcrs77w7socdzv11,S. Freutel,,,,,,,,,,,,,,,,,,,,,,
2545240735,62,4,1,5,53,nuaf3wtujl8erbciumch6c65,1,52.9,57.7,2023-05-07T14:08:00.077Z,2023-05-07T14:08:14Z,4259046117,265,,4259046909,233,53,4259046113,56,Center,4259046115,152,,4259046111,13,,4259046119,286,,,,,,,,28fi0st48wljpt3kyee510iga,N. Günnewig,,,,,,,,,,,,,,,,,,,,,,
2545240635,53,4,1,5,53,bax97wqmyvdu4xygi7wzcvdzd,0,47.1,42.3,2023-05-07T14:08:00.078Z,2023-05-07T14:08:14Z,4259046839,152,,4259046939,233,62,4259046837,13,,4259046843,285,,4259046841,265,,4259045549,56,Back,,,,,,,ac6txr5931brb1tib9d92ok8a,S. Vobian,,,,,,,,,,,,,,,,,,,,,,
2545246225,94,12,1,6,26,bax97wqmyvdu4xygi7wzcvdzd,1,16.2,55.4,2023-05-07T14:08:32.897Z,2023-05-07T14:13:02Z,4259076087,212,17.8,4259076441,15,,4259076089,213,6.1,4259076079,56,Back,4259076085,141,51.5,4259076083,140,33.0,,,,,,,qirr699c3gjdqq420ssd9vit,D. Hoppius,,,,,,,,,,,,,,,,,,,,,,
2545241219,63,1,1,6,26,nuaf3wtujl8erbciumch6c65,0,62.2,58.7,2023-05-07T14:08:33.295Z,2023-05-07T14:08:35Z,4259048685,141,43.4,4259048683,140,87.0,4259048681,56,Center,4259048679,152,,4259048687,212,28.0,4259048675,5,,4259048689,213,5.9,4259048677,155,,6l7cn7fmomj88kfdyo9seopg5,A. Moraitou,,,,,,,,,,,,,,,,,,,,,,
2545241289,54,3,1,6,31,bax97wqmyvdu4xygi7wzcvdzd,0,32.8,47.7,2023-05-07T14:08:38.654Z,2023-05-07T14:13:04Z,4259049049,56,Back,4259049051,285,,4259049203,233,64,,,,,,,,,,,,,,,,380wlef6rk03khlb0t5elb04q,M. Cin,,,,,,,,,,,,,,,,,,,,,,
2545241299,64,7,1,6,31,nuaf3wtujl8erbciumch6c65,1,67.2,52.3,2023-05-07T14:08:38.655Z,2023-05-07T14:08:40Z,4259049155,233,54,4259049099,56,Center,4259049165,286,,,,,,,,,,,,,,,,,6l7cn7fmomj88kfdyo9seopg5,A. Moraitou,,,,,,,,,,,,,,,,,,,,,,
2545241305,65,49,1,6,33,nuaf3wtujl8erbciumch6c65,1,60.9,57.6,2023-05-07T14:08:39.870Z,2023-05-07T14:08:40Z,,,,,,,,,,,,,,,,,,,,,,,,,6l7cn7fmomj88kfdyo9seopg5,A. Moraitou,,,,,,,,,,,,,,,,,,,,,,
2545241395,66,1,1,6,33,nuaf3wtujl8erbciumch6c65,1,61,57.6,2023-05-07T14:08:40.206Z,2023-05-07T14:08:44Z,4259049641,56,Center,4259049645,141,51.5,4259049643,140,51.5,4259049649,213,3.5,4259049647,212,10.8,,,,,,,,,,6l7cn7fmomj88kfdyo9seopg5,A. Moraitou,,,,,,,,,,,,,,,,,,,,,,
2545241419,67,1,1,6,37,nuaf3wtujl8erbciumch6c65,1,42.8,41,2023-05-07T14:08:44.430Z,2023-05-07T14:08:52Z,4259049739,140,41.6,4259049745,213,1.6,4259049743,212,29.5,4259049741,141,84.4,4259049737,56,Back,,,,,,,,,,dh4eziicycykt8h2zr0to5tuy,K. Bathmann,,,,,,,,,,,,,,,,,,,,,,
2545241479,68,1,1,6,41,nuaf3wtujl8erbciumch6c65,0,41.2,84.8,2023-05-07T14:08:48.078Z,2023-05-07T14:08:50Z,4259050089,141,72.0,4259050083,155,,4259050085,56,Center,4259050091,212,41.0,4259050095,1,,4259050093,213,6.1,4259050087,140,79.4,,,,8ovibbdbs49bwwwf3bbuij3hm,J. Pollak,,,,,,,,,,,,,,,,,,,,,,
2545241481,55,49,1,6,43,bax97wqmyvdu4xygi7wzcvdzd,1,20.6,23.9,2023-05-07T14:08:50.352Z,2023-05-07T14:08:50Z,,,,,,,,,,,,,,,,,,,,,,,,,c45vx4712w32k3ttlgoijkhuy,V. Fürst,,,,,,,,,,,,,,,,,,,,,,
2545241625,56,1,1,6,44,bax97wqmyvdu4xygi7wzcvdzd,1,20.8,24.1,2023-05-07T14:08:50.960Z,2023-05-07T14:08:58Z,4259050827,141,51.3,4259050825,140,7.0,4259050823,56,Back,4259050831,213,2.2,4259050829,212,23.5,,,,,,,,,,c45vx4712w32k3ttlgoijkhuy,V. Fürst,,,,,,,,,,,,,,,,,,,,,,
2545241689,57,1,1,6,51,bax97wqmyvdu4xygi7wzcvdzd,1,9.6,46.7,2023-05-07T14:08:58.480Z,2023-05-07T14:09:01Z,4259051171,157,,4259051175,140,59.6,4259051173,56,Center,4259051177,141,36.3,4259051183,1,,4259051181,213,6.1,4259051179,212,53.0,,,,biomno1rhjrnhw59fs2yisktm,E. Mahmutovic,,,,,,,,,,,,,,,,,,,,,,
2545241697,58,1,1,6,54,bax97wqmyvdu4xygi7wzcvdzd,0,59.6,36.3,2023-05-07T14:09:01.520Z,2023-05-07T14:09:02Z,4259051219,212,15.5,4259051217,141,49.7,4259051221,213,2.5,4259051215,140,47.7,4259051211,3,,4259051213,56,Back,,,,,,,qirr699c3gjdqq420ssd9vit,D. Hoppius,,,,,,,,,,,,,,,,,,,,,,
2545241751,69,49,1,6,58,nuaf3wtujl8erbciumch6c65,1,51,49.7,2023-05-07T14:09:05.279Z,2023-05-07T14:09:05Z,,,,,,,,,,,,,,,,,,,,,,,,,axjakqkndyt2k8v2b0y97tw16,M. Hirata,,,,,,,,,,,,,,,,,,,,,,
2545241791,70,1,1,6,58,nuaf3wtujl8erbciumch6c65,1,51.8,50.7,2023-05-07T14:09:05.567Z,2023-05-07T14:09:24Z,4259051781,213,1.1,4259051779,212,19.2,4259051775,140,59.4,4259051773,56,Center,4259051777,141,76.4,,,,,,,,,,axjakqkndyt2k8v2b0y97tw16,M. Hirata,,,,,,,,,,,,,,,,,,,,,,
2545241777,59,49,1,7,0,bax97wqmyvdu4xygi7wzcvdzd,1,29.7,18.5,2023-05-07T14:09:07.184Z,2023-05-07T14:09:07Z,,,,,,,,,,,,,,,,,,,,,,,,,mx0xcrbamcrs77w7socdzv11,S. Freutel,,,,,,,,,,,,,,,,,,,,,,
2545241803,71,1,1,7,0,nuaf3wtujl8erbciumch6c65,0,59.4,76.4,2023-05-07T14:09:07.455Z,2023-05-07T14:09:08Z,4259051867,140,75.4,4259051871,212,17.2,4259051873,213,0.2,4259051865,56,Left,4259051869,141,81.5,,,,,,,,,,6l7cn7fmomj88kfdyo9seopg5,A. Moraitou,,,,,,,,,,,,,,,,,,,,,,
2545241811,60,1,1,7,1,bax97wqmyvdu4xygi7wzcvdzd,0,30.9,17.9,2023-05-07T14:09:07.888Z,2023-05-07T14:09:11Z,4259052243,233,72,4259052241,236,,4259051929,213,0.0,4259052247,286,,4259051927,212,7.5,4259051921,56,Back,4259051925,141,18.2,4259051923,140,38.0,mx0xcrbamcrs77w7socdzv11,S. Freutel,,,,,,,,,,,,,,,,,,,,,,
2545241857,72,74,1,7,4,nuaf3wtujl8erbciumch6c65,1,68.3,99.9,2023-05-07T14:09:10.735Z,2023-05-07T14:09:11Z,4259052301,233,60,4259052195,285,,4259052193,56,Left,,,,,,,,,,,,,,,,6l7cn7fmomj88kfdyo9seopg5,A. Moraitou,,,,,,,,,,,,,,,,,,,,,,
2545241891,73,49,1,7,5,nuaf3wtujl8erbciumch6c65,1,68.5,93.5,2023-05-07T14:09:12.671Z,2023-05-07T14:09:12Z,,,,,,,,,,,,,,,,,,,,,,,,,6l7cn7fmomj88kfdyo9seopg5,A. Moraitou,,,,,,,,,,,,,,,,,,,,,,
2545241933,74,3,1,7,6,nuaf3wtujl8erbciumch6c65,0,69.6,97.2,2023-05-07T14:09:13.439Z,2023-05-07T14:09:18Z,4259052609,286,,4259052607,56,Left,4259053091,233,61,,,,,,,,,,,,,,,,6l7cn7fmomj88kfdyo9seopg5,A. Moraitou,,,,,,,,,,,,,,,,,,,,,,
2545241927,61,7,1,7,6,bax97wqmyvdu4xygi7wzcvdzd,1,30.4,2.8,2023-05-07T14:09:13.440Z,2023-05-07T14:09:14Z,4259052661,233,74,4259052583,285,,4259052581,56,Back,4259052579,167,,,,,,,,,,,,,,2b6315hlohr62lm3xzz5qidey,A. Halverkamps,,,,,,,,,,,,,,,,,,,,,,
2545241939,62,5,1,7,7,bax97wqmyvdu4xygi7wzcvdzd,0,30.8,-0.9,2023-05-07T14:09:14.017Z,2023-05-07T14:09:18Z,4259053081,233,75,4259052629,56,Back,4259052631,347,,,,,,,,,,,,,,,,,2b6315hlohr62lm3xzz5qidey,A. Halverkamps,,,,,,,,,,,,,,,,,,,,,,
2545242011,75,5,1,7,8,nuaf3wtujl8erbciumch6c65,1,69.2,100.9,2023-05-07T14:09:14.993Z,2023-05-07T14:09:18Z,4259053017,347,,4259053015,56,Left,4259053057,233,62,,,,,,,,,,,,,,,,6l7cn7fmomj88kfdyo9seopg5,A. Moraitou,,,,,,,,,,,,,,,,,,,,,,
2545242235,76,1,1,7,20,nuaf3wtujl8erbciumch6c65,0,68.4,100,2023-05-07T14:09:26.832Z,2023-05-07T14:09:29Z,4259054259,213,5.8,4259054249,140,80.2,4259054253,141,92.0,4259054247,56,Left,4259054243,107,,4259054257,212,13.8,,,,,,,8ovibbdbs49bwwwf3bbuij3hm,J. Pollak,,,,,,,,,,,,,,,,,,,,,,
2545242247,63,1,1,7,23,bax97wqmyvdu4xygi7wzcvdzd,0,20.8,8.2,2023-05-07T14:09:29.905Z,2023-05-07T14:09:30Z,4259054333,140,24.4,4259054335,141,0.0,4259054331,56,Back,4259054339,213,5.2,4259054329,3,,4259054337,212,7.9,,,,,,,mx0xcrbamcrs77w7socdzv11,S. Freutel,,,,,,,,,,,,,,,,,,,,,,
2545242253,64,5,1,7,23,bax97wqmyvdu4xygi7wzcvdzd,0,21.6,-1.8,2023-05-07T14:09:30.393Z,2023-05-07T14:09:41Z,4259054349,56,Back,4259055217,233,77,4259054351,347,,,,,,,,,,,,,,,,,mx0xcrbamcrs77w7socdzv11,S. Freutel,,,,,,,,,,,,,,,,,,,,,,
2545242403,77,5,1,7,24,nuaf3wtujl8erbciumch6c65,1,78.4,101.8,2023-05-07T14:09:31.167Z,2023-05-07T14:09:41Z,4259055161,347,,4259055159,56,Left,4259055199,233,64,,,,,,,,,,,,,,,,8ovibbdbs49bwwwf3bbuij3hm,J. Pollak,,,,,,,,,,,,,,,,,,,,,,
2545242505,78,1,1,7,34,nuaf3wtujl8erbciumch6c65,1,81.2,100,2023-05-07T14:09:41.072Z,2023-05-07T14:09:46Z,4259055687,212,13.8,4259055683,141,88.6,4259055681,140,91.3,4259055679,56,Left,4259055677,107,,4259055689,213,5.6,,,,,,,8ovibbdbs49bwwwf3bbuij3hm,J. Pollak,,,,,,,,,,,,,,,,,,,,,,
2545242585,79,1,1,7,39,nuaf3wtujl8erbciumch6c65,0,93.8,92.3,2023-05-07T14:09:45.905Z,2023-05-07T14:09:50Z,4259056185,56,Center,4259056183,155,,4259056181,2,,4259056195,1,,4259056193,213,4.5,4259056191,212,45.6,4259056187,140,86.7,4259056189,141,26.1,2iaatg2gvp5w4j27ycreiqjt,M. Punsar,,,,,,,,,,,,,,,,,,,,,,
2545242565,65,49,1,7,43,bax97wqmyvdu4xygi7wzcvdzd,1,18.5,74.2,2023-05-07T14:09:49.713Z,2023-05-07T14:09:49Z,,,,,,,,,,,,,,,,,,,,,,,,,aemsodynsywxzi5m7czbenob9,Y. Zielinski,,,,,,,,,,,,,,,,,,,,,,
2545242603,66,1,1,7,43,bax97wqmyvdu4xygi7wzcvdzd,0,19.4,75.6,2023-05-07T14:09:50.353Z,2023-05-07T14:09:52Z,4259056293,212,32.7,4259056295,213,5.9,4259056291,141,59.3,4259056287,56,Back,4259056285,157,,4259056297,1,,4259056289,140,48.7,,,,aemsodynsywxzi5m7czbenob9,Y. Zielinski,,,,,,,,,,,,,,,,,,,,,,
2545242661,80,1,1,7,47,nuaf3wtujl8erbciumch6c65,1,52.2,40.1,2023-05-07T14:09:54.305Z,2023-05-07T14:09:56Z,4259056625,3,,4259056633,141,33.3,4259056635,212,17.5,4259056631,140,36.1,4259056637,213,3.4,4259056629,56,Back,,,,,,,62soqddjmkrj99mvi1wivj4k5,S. Schulte,,,,,,,,,,,,,,,,,,,,,,
2545242673,81,44,1,7,48,nuaf3wtujl8erbciumch6c65,1,35.4,36.4,2023-05-07T14:09:55.009Z,2023-05-07T14:09:57Z,4259056675,56,Back,4259056709,233,67,4259056677,285,,,,,,,,,,,,,,,,,bkbp6hl12kc3y8wohv9l3a66t,L. Weiss,,,,,,,,,,,,,,,,,,,,,,
2545242643,67,44,1,7,48,bax97wqmyvdu4xygi7wzcvdzd,0,64.6,63.6,2023-05-07T14:09:55.010Z,2023-05-07T14:09:57Z,4259056495,56,Center,4259056743,233,81,4259056499,286,,,,,,,,,,,,,,,,,qirr699c3gjdqq420ssd9vit,D. Hoppius,,,,,,,,,,,,,,,,,,,,,,
2545242651,68,61,1,7,49,bax97wqmyvdu4xygi7wzcvdzd,1,57.9,59.6,2023-05-07T14:09:55.690Z,2023-05-07T14:09:55Z,4259056561,56,Center,,,,,,,,,,,,,,,,,,,,,,qirr699c3gjdqq420ssd9vit,D. Hoppius,,,,,,,,,,,,,,,,,,,,,,
2545242689,82,1,1,7,50,nuaf3wtujl8erbciumch6c65,0,28.8,32.4,2023-05-07T14:09:56.688Z,2023-05-07T14:09:57Z,4259056777,141,26.5,4259056781,213,4.7,4259056779,212,4.0,4259056771,3,,4259056775,140,28.6,4259056773,56,Back,,,,,,,bkbp6hl12kc3y8wohv9l3a66t,L. Weiss,,,,,,,,,,,,,,,,,,,,,,
2545242719,69,74,1,7,52,bax97wqmyvdu4xygi7wzcvdzd,1,62.5,78.7,2023-05-07T14:09:58.834Z,2023-05-07T14:10:00Z,4259056953,56,Center,4259056955,285,,4259057173,233,83,,,,,,,,,,,,,,,,aemsodynsywxzi5m7czbenob9,Y. Zielinski,,,,,,,,,,,,,,,,,,,,,,
2545242753,83,1,1,7,53,nuaf3wtujl8erbciumch6c65,0,29.1,17.1,2023-05-07T14:09:59.888Z,2023-05-07T14:10:00Z,4259057133,213,5.8,4259057129,212,2.4,4259057119,56,Back,4259057159,236,,4259057165,286,,4259057161,233,69,4259057121,140,31.2,4259057125,141,15.6,62soqddjmkrj99mvi1wivj4k5,S. Schulte,,,,,,,,,,,,,,,,,,,,,,
2545242861,70,15,1,7,59,bax97wqmyvdu4xygi7wzcvdzd,1,96.5,66.9,2023-05-07T14:10:05.794Z,2023-05-07T14:10:27Z,4259059777,102,53.7,4259057729,56,Center,4259059789,230,99.4,4259058693,72,,4259059783,458,,4259059785,146,97.2,4259057725,22,,4259059781,215,,aemsodynsywxzi5m7czbenob9,Y. Zielinski,4259059775,76,,4259059787,147,64.3,4259057727,65,4259058697,82,4259059793,231,54.2,4259059779,103,19,4259058725,233,84,,,
2545242903,84,10,1,7,59,nuaf3wtujl8erbciumch6c65,1,8.1,39.4,2023-05-07T14:10:05.894Z,2023-05-07T14:10:16Z,4259058749,233,70,4259057925,94,,4259057927,56,Back,,,,,,,,,,,,,,,,bkbp6hl12kc3y8wohv9l3a66t,L. Weiss,,,,,,,,,,,,,,,,,,,,,,
2545242951,85,1,1,8,2,nuaf3wtujl8erbciumch6c65,0,2.3,37.6,2023-05-07T14:10:09.618Z,2023-05-07T14:10:22Z,4259058153,56,Back,4259058155,140,29.3,4259058157,141,0.0,4259058159,212,39.1,4259058163,1,,4259058161,213,5.5,4259058149,157,,,,,62soqddjmkrj99mvi1wivj4k5,S. Schulte,,,,,,,,,,,,,,,,,,,,,,
2545243035,71,5,1,8,3,bax97wqmyvdu4xygi7wzcvdzd,1,74.8,101.2,2023-05-07T14:10:10.210Z,2023-05-07T14:10:15Z,4259058641,347,,4259058639,56,Left,4259058701,233,86,,,,,,,,,,,,,,,,aemsodynsywxzi5m7czbenob9,Y. Zielinski,,,,,,,,,,,,,,,,,,,,,,
2545242959,86,5,1,8,3,nuaf3wtujl8erbciumch6c65,0,25.2,-1.2,2023-05-07T14:10:10.594Z,2023-05-07T14:10:15Z,4259058195,56,Back,4259058733,233,71,4259058197,347,,,,,,,,,,,,,,,,,49ur7byczvl0qkqn9y2qq73s9,L. Sieger,,,,,,,,,,,,,,,,,,,,,,
2545243333,72,1,1,8,22,bax97wqmyvdu4xygi7wzcvdzd,1,67.3,100,2023-05-07T14:10:29.475Z,2023-05-07T14:10:31Z,4259060251,213,5.8,4259060247,141,92.4,4259060245,140,78.3,4259060243,56,Left,4259060241,107,,4259060249,212,13.1,,,,,,,b9gxo2rldtuz9mi8lzgnm0mxg,K. Parcell,,,,,,,,,,,,,,,,,,,,,,
2545243375,73,1,1,8,24,bax97wqmyvdu4xygi7wzcvdzd,1,78.3,92.4,2023-05-07T14:10:31.299Z,2023-05-07T14:10:33Z,4259060457,141,98.7,4259060455,140,78.6,4259060453,56,Left,4259060461,213,1.5,4259060459,212,4.3,,,,,,,,,,380wlef6rk03khlb0t5elb04q,M. Cin,,,,,,,,,,,,,,,,,,,,,,
2545243419,74,1,1,8,27,bax97wqmyvdu4xygi7wzcvdzd,0,89.5,94.7,2023-05-07T14:10:33.763Z,2023-05-07T14:10:36Z,4259060719,140,97.5,4259060727,213,5.0,4259060709,2,,4259060715,56,Center,4259060711,155,,4259060721,141,50.1,4259060725,212,31.5,,,,b9gxo2rldtuz9mi8lzgnm0mxg,K. Parcell,,,,,,,,,,,,,,,,,,,,,,
2545243543,87,41,1,8,32,nuaf3wtujl8erbciumch6c65,1,3.2,50.7,2023-05-07T14:10:39.123Z,2023-05-07T14:10:43Z,4259061431,213,1.5,4259061427,141,86.8,4259061429,212,24.6,4259061425,140,4.6,,,,,,,,,,,,,49ur7byczvl0qkqn9y2qq73s9,L. Sieger,,,,,,,,,,,,,,,,,,,,,,
2545243561,88,49,1,8,36,nuaf3wtujl8erbciumch6c65,1,4.9,86.5,2023-05-07T14:10:42.914Z,2023-05-07T14:11:50Z,,,,,,,,,,,,,,,,,,,,,,,,,8ovibbdbs49bwwwf3bbuij3hm,J. Pollak,,,,,,,,,,,,,,,,,,,,,,
2545243617,89,1,1,8,36,nuaf3wtujl8erbciumch6c65,1,4.9,86.5,2023-05-07T14:10:43.185Z,2023-05-07T14:11:48Z,4259061773,213,0.1,4259061771,212,26.7,4259061769,141,90.5,4259061767,140,30.2,4259061765,56,Back,,,,,,,,,,8ovibbdbs49bwwwf3bbuij3hm,J. Pollak,,,,,,,,,,,,,,,,,,,,,,
2545243643,75,1,1,8,39,bax97wqmyvdu4xygi7wzcvdzd,1,69.4,6.5,2023-05-07T14:10:46.644Z,2023-05-07T14:10:49Z,4259061927,212,15.9,4259061923,140,74.9,4259061921,56,Center,4259061925,141,28.3,4259061919,3,,4259061929,213,1.2,,,,,,,mx0xcrbamcrs77w7socdzv11,S. Freutel,,,,,,,,,,,,,,,,,,,,,,
2545243653,90,1,1,8,40,nuaf3wtujl8erbciumch6c65,1,28.8,88.7,2023-05-07T14:10:46.978Z,2023-05-07T14:10:49Z,4259061977,212,24.6,4259061981,213,3.1,4259061975,141,91.1,4259061973,140,5.4,4259061971,56,Back,,,,,,,,,,6l7cn7fmomj88kfdyo9seopg5,A. Moraitou,,,,,,,,,,,,,,,,,,,,,,
2545243683,76,1,1,8,42,bax97wqmyvdu4xygi7wzcvdzd,1,74.9,28.3,2023-05-07T14:10:49.043Z,2023-05-07T14:10:50Z,4259062107,212,10.6,4259062109,213,3.1,4259062105,141,28.8,4259062103,140,64.8,4259062101,56,Center,,,,,,,,,,2b6315hlohr62lm3xzz5qidey,A. Halverkamps,,,,,,,,,,,,,,,,,,,,,,
2545243689,91,1,1,8,42,nuaf3wtujl8erbciumch6c65,0,4.3,90,2023-05-07T14:10:49.235Z,2023-05-07T14:10:50Z,4259062159,56,Back,4259062167,213,0.0,4259062165,212,27.2,4259062163,141,90.5,4259062161,140,30.2,4259062157,155,,,,,,,,8ovibbdbs49bwwwf3bbuij3hm,J. Pollak,,,,,,,,,,,,,,,,,,,,,,
2545243699,77,49,1,8,43,bax97wqmyvdu4xygi7wzcvdzd,1,65.5,28.8,2023-05-07T14:10:50.150Z,2023-05-07T14:10:50Z,,,,,,,,,,,,,,,,,,,,,,,,,380wlef6rk03khlb0t5elb04q,M. Cin,,,,,,,,,,,,,,,,,,,,,,
2545243773,78,1,1,8,44,bax97wqmyvdu4xygi7wzcvdzd,1,61.9,27.7,2023-05-07T14:10:51.444Z,2023-05-07T14:10:54Z,4259062579,212,15.7,4259062581,213,2.6,4259062573,56,Back,4259062575,140,49.4,4259062577,141,40.4,,,,,,,,,,380wlef6rk03khlb0t5elb04q,M. Cin,,,,,,,,,,,,,,,,,,,,,,
2545243849,79,1,1,8,47,bax97wqmyvdu4xygi7wzcvdzd,1,53,47,2023-05-07T14:10:54.644Z,2023-05-07T14:10:58Z,4259062945,141,72.3,4259062943,140,54.3,4259062941,56,Center,4259062949,213,1.5,4259062947,212,17.3,,,,,,,,,,d11imdjqgfg7c0vo1te98rvv8,P. Flach,,,,,,,,,,,,,,,,,,,,,,
2545243889,80,1,1,8,51,bax97wqmyvdu4xygi7wzcvdzd,0,55.9,73.3,2023-05-07T14:10:58.484Z,2023-05-07T14:11:00Z,4259063187,1,,4259063185,213,6.0,4259063181,141,55.1,4259063183,212,41.8,4259063179,140,93.9,4259063177,56,Center,4259063175,155,,,,,b9gxo2rldtuz9mi8lzgnm0mxg,K. Parcell,,,,,,,,,,,,,,,,,,,,,,
2545243917,92,49,1,8,56,nuaf3wtujl8erbciumch6c65,1,4.8,42.2,2023-05-07T14:11:02.866Z,2023-05-07T14:11:03Z,,,,,,,,,,,,,,,,,,,,,,,,,49ur7byczvl0qkqn9y2qq73s9,L. Sieger,,,,,,,,,,,,,,,,,,,,,,
2545244049,93,1,1,9,0,nuaf3wtujl8erbciumch6c65,1,4.3,52.7,2023-05-07T14:11:06.738Z,2023-05-07T14:11:09Z,4259064033,56,Back,4259064035,140,11.5,4259064041,213,1.3,4259064037,141,88.9,4259064039,212,25.8,,,,,,,,,,49ur7byczvl0qkqn9y2qq73s9,L. Sieger,,,,,,,,,,,,,,,,,,,,,,
2545244135,94,1,1,9,5,nuaf3wtujl8erbciumch6c65,1,18.4,82.1,2023-05-07T14:11:12.210Z,2023-05-07T14:11:13Z,4259064489,140,19.9,4259064487,56,Back,4259064493,212,22.4,4259064495,213,4.8,4259064491,141,49.3,,,,,,,,,,8ovibbdbs49bwwwf3bbuij3hm,J. Pollak,,,,,,,,,,,,,,,,,,,,,,
2545244185,95,1,1,9,6,nuaf3wtujl8erbciumch6c65,1,19.6,54.9,2023-05-07T14:11:13.411Z,2023-05-07T14:11:15Z,4259064725,212,23.3,4259064723,141,21.6,4259064719,56,Back,4259064721,140,25.0,4259064727,213,5.0,,,,,,,,,,62soqddjmkrj99mvi1wivj4k5,S. Schulte,,,,,,,,,,,,,,,,,,,,,,
2545244317,96,1,1,9,8,nuaf3wtujl8erbciumch6c65,1,23.6,23.7,2023-05-07T14:11:15.235Z,2023-05-07T14:11:21Z,4259065409,140,6.3,4259065411,141,49.6,4259065415,213,2.4,4259065413,212,25.3,4259065407,56,Back,,,,,,,,,,bkbp6hl12kc3y8wohv9l3a66t,L. Weiss,,,,,,,,,,,,,,,,,,,,,,
2545244435,97,1,1,9,14,nuaf3wtujl8erbciumch6c65,1,6.1,49.6,2023-05-07T14:11:21.059Z,2023-05-07T14:11:26Z,4259066057,212,27.7,4259066051,140,16.8,4259066055,141,86.8,4259066061,213,1.2,4259066049,56,Back,,,,,,,,,,49ur7byczvl0qkqn9y2qq73s9,L. Sieger,,,,,,,,,,,,,,,,,,,,,,
2545244467,98,1,1,9,19,nuaf3wtujl8erbciumch6c65,1,17.6,79.7,2023-05-07T14:11:26.227Z,2023-05-07T14:11:27Z,4259066193,56,Back,4259066195,140,20.9,4259066201,213,1.3,4259066197,141,95.7,4259066199,212,11.4,,,,,,,,,,8ovibbdbs49bwwwf3bbuij3hm,J. Pollak,,,,,,,,,,,,,,,,,,,,,,
2545244537,99,1,1,9,20,nuaf3wtujl8erbciumch6c65,1,25.9,93.8,2023-05-07T14:11:27.619Z,2023-05-07T14:11:30Z,4259066583,56,Back,4259066591,141,89.1,4259066595,212,9.0,4259066587,140,17.9,4259066599,213,3.5,,,,,,,,,,3p9ie3u7ej9o1wpzl4aonjtd6,L. Andrade,,,,,,,,,,,,,,,,,,,,,,
2545244599,100,1,1,9,23,nuaf3wtujl8erbciumch6c65,1,20,85,2023-05-07T14:11:30.051Z,2023-05-07T14:11:32Z,4259066879,56,Back,4259066885,212,12.8,4259066883,141,67.2,4259066881,140,16.0,4259066887,213,4.4,,,,,,,,,,8ovibbdbs49bwwwf3bbuij3hm,J. Pollak,,,,,,,,,,,,,,,,,,,,,,
2545244699,101,1,1,9,25,nuaf3wtujl8erbciumch6c65,1,16,62.3,2023-05-07T14:11:32.595Z,2023-05-07T14:11:36Z,4259067399,213,4.8,4259067391,56,Back,4259067393,140,19.1,4259067395,141,25.0,4259067397,212,25.6,,,,,,,,,,62soqddjmkrj99mvi1wivj4k5,S. Schulte,,,,,,,,,,,,,,,,,,,,,,
2545244705,102,61,1,9,29,nuaf3wtujl8erbciumch6c65,0,20.1,25.2,2023-05-07T14:11:36.355Z,2023-05-07T14:11:36Z,4259067419,56,Back,,,,,,,,,,,,,,,,,,,,,,bkbp6hl12kc3y8wohv9l3a66t,L. Weiss,,,,,,,,,,,,,,,,,,,,,,
2545244719,81,49,1,9,30,bax97wqmyvdu4xygi7wzcvdzd,1,79.5,82.7,2023-05-07T14:11:37.525Z,2023-05-07T14:11:37Z,,,,,,,,,,,,,,,,,,,,,,,,,aemsodynsywxzi5m7czbenob9,Y. Zielinski,,,,,,,,,,,,,,,,,,,,,,
2545244769,82,13,1,9,33,bax97wqmyvdu4xygi7wzcvdzd,1,87.1,69.1,2023-05-07T14:11:39.765Z,2023-05-07T14:11:47Z,4259068643,230,99.1,4259068645,231,52.9,4259068641,458,,4259068637,103,61.1,4259067771,22,,4259067775,64,,4259067779,56,Center,4259068633,102,42.0,aemsodynsywxzi5m7czbenob9,Y. Zielinski,4259068631,81,,4259068639,215,,4259068089,20,,,,,,,,,,,,,,
2545244779,103,5,1,9,34,nuaf3wtujl8erbciumch6c65,1,-1.4,53,2023-05-07T14:11:40.788Z,2023-05-07T14:11:42Z,4259067827,56,Back,4259067963,233,83,4259067829,346,,,,,,,,,,,,,,,,,62soqddjmkrj99mvi1wivj4k5,S. Schulte,,,,,,,,,,,,,,,,,,,,,,
2545244789,83,5,1,9,34,bax97wqmyvdu4xygi7wzcvdzd,0,101.4,47,2023-05-07T14:11:41.525Z,2023-05-07T14:11:42Z,4259067907,56,Center,4259068011,233,103,4259067911,346,,,,,,,,,,,,,,,,,aemsodynsywxzi5m7czbenob9,Y. Zielinski,,,,,,,,,,,,,,,,,,,,,,
2545245325,104,51,1,9,57,nuaf3wtujl8erbciumch6c65,1,19.2,17,2023-05-07T14:12:03.909Z,2023-05-07T14:12:05Z,4259070729,169,,,,,,,,,,,,,,,,,,,,,,,bkbp6hl12kc3y8wohv9l3a66t,L. Weiss,,,,,,,,,,,,,,,,,,,,,,
2545245457,105,1,1,10,2,nuaf3wtujl8erbciumch6c65,1,4.3,57.9,2023-05-07T14:12:09.220Z,2023-05-07T14:12:12Z,4259071405,212,20.0,4259071403,141,85.3,4259071401,140,11.1,4259071399,56,Back,4259071407,213,1.2,,,,,,,,,,62soqddjmkrj99mvi1wivj4k5,S. Schulte,,,,,,,,,,,,,,,,,,,,,,
2545245547,106,1,1,10,5,nuaf3wtujl8erbciumch6c65,1,14.8,88.9,2023-05-07T14:12:12.085Z,2023-05-07T14:12:17Z,4259071907,212,11.7,4259071901,56,Back,4259071905,141,88.3,4259071903,140,25.9,4259071909,213,6.2,,,,,,,,,,8ovibbdbs49bwwwf3bbuij3hm,J. Pollak,,,,,,,,,,,,,,,,,,,,,,
2545245517,84,45,1,10,8,bax97wqmyvdu4xygi7wzcvdzd,0,56.2,8.9,2023-05-07T14:12:15.575Z,2023-05-07T14:12:50Z,4259072303,233,107,4259071745,56,Right,4259071747,285,,,,,,,,,,,,,,,,,4trepwlcclo2elj3epyrs0ep6,M. Günster,,,,,,,,,,,,,,,,,,,,,,
2545245581,107,3,1,10,8,nuaf3wtujl8erbciumch6c65,1,43.8,91.1,2023-05-07T14:12:15.575Z,2023-05-07T14:12:20Z,4259072247,233,84,4259072129,56,Back,4259072131,286,,,,,,,,,,,,,,,,,3p9ie3u7ej9o1wpzl4aonjtd6,L. Andrade,,,,,,,,,,,,,,,,,,,,,,
2545245599,108,3,1,10,11,nuaf3wtujl8erbciumch6c65,0,55.7,90.7,2023-05-07T14:12:17.877Z,2023-05-07T14:12:21Z,4259072215,56,Left,4259072367,233,85,4259072217,286,,,,,,,,,,,,,,,,,3p9ie3u7ej9o1wpzl4aonjtd6,L. Andrade,,,,,,,,,,,,,,,,,,,,,,
2545245619,85,7,1,10,11,bax97wqmyvdu4xygi7wzcvdzd,1,44.3,9.3,2023-05-07T14:12:17.878Z,2023-05-07T14:12:21Z,4259072345,285,,4259072343,56,Back,4259072349,233,108,,,,,,,,,,,,,,,,2b6315hlohr62lm3xzz5qidey,A. Halverkamps,,,,,,,,,,,,,,,,,,,,,,
2545245655,86,1,1,10,13,bax97wqmyvdu4xygi7wzcvdzd,1,43.2,10,2023-05-07T14:12:20.567Z,2023-05-07T14:12:23Z,4259072571,213,0.2,4259072569,212,26.1,4259072565,140,67.3,4259072563,56,Right,4259072567,141,19.2,,,,,,,,,,4trepwlcclo2elj3epyrs0ep6,M. Günster,,,,,,,,,,,,,,,,,,,,,,
2545245679,87,1,1,10,16,bax97wqmyvdu4xygi7wzcvdzd,0,67.4,25.9,2023-05-07T14:12:22.983Z,2023-05-07T14:12:24Z,4259072765,213,1.3,4259072763,212,27.2,4259072761,141,64.0,4259072757,56,Center,4259072759,140,75.2,,,,,,,,,,380wlef6rk03khlb0t5elb04q,M. Cin,,,,,,,,,,,,,,,,,,,,,,
2545245703,109,49,1,10,20,nuaf3wtujl8erbciumch6c65,1,29.3,33.1,2023-05-07T14:12:26.725Z,2023-05-07T14:12:26Z,,,,,,,,,,,,,,,,,,,,,,,,,28fi0st48wljpt3kyee510iga,N. Günnewig,,,,,,,,,,,,,,,,,,,,,,
2545245723,110,1,1,10,20,nuaf3wtujl8erbciumch6c65,0,26.8,37.6,2023-05-07T14:12:27.206Z,2023-05-07T14:12:28Z,4259072987,213,0.9,4259072977,157,,4259072989,1,,4259072979,56,Back,4259072981,140,45.3,4259072985,212,30.1,4259072983,141,71.4,,,,28fi0st48wljpt3kyee510iga,N. Günnewig,,,,,,,,,,,,,,,,,,,,,,
2545245731,88,1,1,10,20,bax97wqmyvdu4xygi7wzcvdzd,0,61.2,32.8,2023-05-07T14:12:27.638Z,2023-05-07T14:12:28Z,4259073049,56,Center,4259073053,141,46.0,4259073055,212,22.7,4259073051,140,81.1,4259073045,3,,4259073057,213,0.4,,,,,,,4trepwlcclo2elj3epyrs0ep6,M. Günster,,,,,,,,,,,,,,,,,,,,,,
2545245779,111,1,1,10,24,nuaf3wtujl8erbciumch6c65,0,23.3,59,2023-05-07T14:12:31.302Z,2023-05-07T14:12:32Z,4259073397,141,52.1,4259073401,213,5.9,4259073391,3,,4259073395,140,35.7,4259073393,56,Back,4259073399,212,13.8,,,,,,,62soqddjmkrj99mvi1wivj4k5,S. Schulte,,,,,,,,,,,,,,,,,,,,,,
2545245783,89,49,1,10,26,bax97wqmyvdu4xygi7wzcvdzd,1,62.9,53.4,2023-05-07T14:12:33.031Z,2023-05-07T14:12:33Z,,,,,,,,,,,,,,,,,,,,,,,,,ac6txr5931brb1tib9d92ok8a,S. Vobian,,,,,,,,,,,,,,,,,,,,,,
2545245789,90,1,1,10,26,bax97wqmyvdu4xygi7wzcvdzd,0,62.9,53.4,2023-05-07T14:12:33.086Z,2023-05-07T14:12:33Z,4259073505,212,15.5,4259073501,140,77.7,4259073503,141,53.9,4259073499,56,Center,4259073507,213,0.0,,,,,,,,,,ac6txr5931brb1tib9d92ok8a,S. Vobian,,,,,,,,,,,,,,,,,,,,,,
2545245809,112,49,1,10,28,nuaf3wtujl8erbciumch6c65,1,21.9,46.7,2023-05-07T14:12:35.205Z,2023-05-07T14:12:35Z,,,,,,,,,,,,,,,,,,,,,,,,,bkbp6hl12kc3y8wohv9l3a66t,L. Weiss,,,,,,,,,,,,,,,,,,,,,,
2545245829,113,1,1,10,28,nuaf3wtujl8erbciumch6c65,0,21.9,46.7,2023-05-07T14:12:35.574Z,2023-05-07T14:12:36Z,4259073731,212,30.6,4259073735,1,,4259073733,213,0.1,4259073729,141,53.0,4259073727,140,50.8,4259073725,56,Center,4259073723,157,,,,,bkbp6hl12kc3y8wohv9l3a66t,L. Weiss,,,,,,,,,,,,,,,,,,,,,,
2545245851,91,49,1,10,31,bax97wqmyvdu4xygi7wzcvdzd,1,44.3,63.9,2023-05-07T14:12:38.023Z,2023-05-07T14:12:38Z,,,,,,,,,,,,,,,,,,,,,,,,,d11imdjqgfg7c0vo1te98rvv8,P. Flach,,,,,,,,,,,,,,,,,,,,,,
2545245997,92,1,1,10,31,bax97wqmyvdu4xygi7wzcvdzd,1,44.3,63.9,2023-05-07T14:12:38.086Z,2023-05-07T14:12:47Z,4259074743,213,0.2,4259074737,140,73.8,4259074741,212,31.9,4259074733,155,,4259074735,56,Center,4259074739,141,75.4,,,,,,,d11imdjqgfg7c0vo1te98rvv8,P. Flach,,,,,,,,,,,,,,,,,,,,,,
2545245991,114,4,1,10,35,nuaf3wtujl8erbciumch6c65,1,23.4,22.1,2023-05-07T14:12:42.006Z,2023-05-07T14:12:48Z,4259074687,294,,4259074691,152,,4259074693,285,,4259074839,233,93,4259074685,13,,4259074689,56,Back,,,,,,,dh4eziicycykt8h2zr0to5tuy,K. Bathmann,,,,,,,,,,,,,,,,,,,,,,
2545246007,93,4,1,10,35,bax97wqmyvdu4xygi7wzcvdzd,0,76.6,77.9,2023-05-07T14:12:42.007Z,2023-05-07T14:12:48Z,4259074797,294,,4259074795,13,,4259074801,152,,4259074803,286,,4259074873,233,114,4259074799,56,Center,,,,,,,aemsodynsywxzi5m7czbenob9,Y. Zielinski,,,,,,,,,,,,,,,,,,,,,,
2545246261,115,1,1,10,53,nuaf3wtujl8erbciumch6c65,1,19.6,58.5,2023-05-07T14:13:00.134Z,2023-05-07T14:13:01Z,4259076299,152,,4259076305,141,85.4,4259076301,56,Back,4259076303,140,28.1,4259076309,213,1.1,4259076297,5,,4259076307,212,20.4,,,,62soqddjmkrj99mvi1wivj4k5,S. Schulte,,,,,,,,,,,,,,,,,,,,,,
2545246391,116,1,1,10,55,nuaf3wtujl8erbciumch6c65,1,63.1,86.2,2023-05-07T14:13:02.534Z,2023-05-07T14:13:07Z,4259076991,141,55.5,4259076995,213,5.0,4259076993,212,21.7,4259076987,56,Center,4259076989,140,68.8,,,,,,,,,,3p9ie3u7ej9o1wpzl4aonjtd6,L. Andrade,,,,,,,,,,,,,,,,,,,,,,
2545246443,117,1,1,11,0,nuaf3wtujl8erbciumch6c65,1,77.5,53.1,2023-05-07T14:13:07.446Z,2023-05-07T14:13:42Z,4259077289,212,10.6,4259080389,210,15,4259077285,140,77.0,4259077283,56,Center,4259077287,141,37.6,4259077291,213,4.7,,,,,,,2iaatg2gvp5w4j27ycreiqjt,M. Punsar,,,,,,,,,,,,,,,,,,,,1,,
2545246445,118,15,1,11,3,nuaf3wtujl8erbciumch6c65,1,78.1,38.2,2023-05-07T14:13:10.327Z,2023-05-07T14:13:42Z,4259080411,55,117,4259077305,18,,4259077303,22,,4259080427,147,48.9,4259080423,215,,4259080425,146,97.8,4259080421,103,6.3,4259079411,20,,1f2h3qvn7d1dv5wsv63bojazu,A. Margraf,4259080529,233,95,4259080417,102,46.4,4259080401,80,4259080405,29,4259077311,56,Center,,,,,,,,,
2545246469,95,10,1,11,3,bax97wqmyvdu4xygi7wzcvdzd,1,1.7,52.7,2023-05-07T14:13:10.427Z,2023-05-07T14:13:33Z,4259079467,233,118,4259077433,182,,4259077435,56,Back,4259078721,179,,4259079511,174,,,,,,,,,,,biomno1rhjrnhw59fs2yisktm,E. Mahmutovic,,,,,,,,,,,,,,,,,,,,,,
2545246503,119,61,1,11,7,nuaf3wtujl8erbciumch6c65,1,92.5,42.1,2023-05-07T14:13:13.862Z,2023-05-07T14:14:09Z,4259077633,56,Center,,,,,,,,,,,,,,,,,,,,,,2iaatg2gvp5w4j27ycreiqjt,M. Punsar,,,,,,,,,,,,,,,,,,,,,,
2545246533,96,12,1,11,9,bax97wqmyvdu4xygi7wzcvdzd,1,2.8,55.7,2023-05-07T14:13:15.945Z,2023-05-07T14:13:38Z,4259080149,140,2.7,4259080155,213,1.7,4259080153,212,0.8,4259080151,141,56.9,4259077789,56,Back,,,,,,,,,,c45vx4712w32k3ttlgoijkhuy,V. Fürst,,,,,,,,,,,,,,,,,,,,,,
2545246593,97,5,1,11,12,bax97wqmyvdu4xygi7wzcvdzd,1,-0.8,60.1,2023-05-07T14:13:19.577Z,2023-05-07T14:13:22Z,4259078129,56,Back,4259078131,346,,4259078475,233,121,,,,,,,,,,,,,,,,c45vx4712w32k3ttlgoijkhuy,V. Fürst,,,,,,,,,,,,,,,,,,,,,,
2545246617,120,43,1,11,14,nuaf3wtujl8erbciumch6c65,1,0,0,2023-05-07T14:13:21.177Z,2023-05-07T14:14:17Z,4259084175,144,61,4259078265,56,Center,,,,,,,,,,,,,,,,,,,2iaatg2gvp5w4j27ycreiqjt,M. Punsar,,,,,,,,,,,,,,,,,,,,,,
2545246639,121,5,1,11,15,nuaf3wtujl8erbciumch6c65,0,100.8,39.9,2023-05-07T14:13:22.311Z,2023-05-07T14:13:23Z,4259078493,233,97,4259078421,56,Center,4259078423,346,,,,,,,,,,,,,,,,,2iaatg2gvp5w4j27ycreiqjt,M. Punsar,,,,,,,,,,,,,,,,,,,,,,
2545247063,98,1,1,11,35,bax97wqmyvdu4xygi7wzcvdzd,0,4.9,58.8,2023-05-07T14:13:42.185Z,2023-05-07T14:13:46Z,4259081029,1,,4259081019,56,Center,4259081033,74,,4259081025,212,60.3,4259081023,141,62.1,4259081021,140,62.3,4259081027,213,0.0,4259081017,124,,biomno1rhjrnhw59fs2yisktm,E. Mahmutovic,,,,,,,,,,,,,,,,,,,,,,
2545247085,122,44,1,11,39,nuaf3wtujl8erbciumch6c65,1,37.8,39.1,2023-05-07T14:13:46.040Z,2023-05-07T14:13:47Z,4259081145,285,,4259081143,56,Back,4259081201,233,99,,,,,,,,,,,,,,,,bkbp6hl12kc3y8wohv9l3a66t,L. Weiss,,,,,,,,,,,,,,,,,,,,,,
2545247067,99,44,1,11,39,bax97wqmyvdu4xygi7wzcvdzd,0,62.2,60.9,2023-05-07T14:13:46.041Z,2023-05-07T14:13:48Z,4259081049,56,Center,4259081051,286,,4259081263,233,122,,,,,,,,,,,,,,,,aemsodynsywxzi5m7czbenob9,Y. Zielinski,,,,,,,,,,,,,,,,,,,,,,
2545247175,123,1,1,11,40,nuaf3wtujl8erbciumch6c65,1,38,40.3,2023-05-07T14:13:47.481Z,2023-05-07T14:13:52Z,4259081647,140,63.7,4259081651,212,27.6,4259081653,213,0.2,4259081643,3,,4259081645,56,Center,4259081649,141,49.0,,,,,,,bkbp6hl12kc3y8wohv9l3a66t,L. Weiss,,,,,,,,,,,,,,,,,,,,,,
2545247181,124,49,1,11,45,nuaf3wtujl8erbciumch6c65,1,67.3,50.3,2023-05-07T14:13:52.072Z,2023-05-07T14:13:52Z,,,,,,,,,,,,,,,,,,,,,,,,,2iaatg2gvp5w4j27ycreiqjt,M. Punsar,,,,,,,,,,,,,,,,,,,,,,
2545247225,125,1,1,11,45,nuaf3wtujl8erbciumch6c65,1,67.3,50.3,2023-05-07T14:13:52.407Z,2023-05-07T14:13:54Z,4259081909,212,14.1,4259081911,213,1.8,4259081903,56,Center,4259081905,140,64.8,4259081907,141,70.6,,,,,,,,,,2iaatg2gvp5w4j27ycreiqjt,M. Punsar,,,,,,,,,,,,,,,,,,,,,,
2545247249,126,1,1,11,47,nuaf3wtujl8erbciumch6c65,1,67.6,71.5,2023-05-07T14:13:54.471Z,2023-05-07T14:13:55Z,4259081997,140,78.5,4259081995,56,Left,4259082001,212,14.0,4259082003,213,0.6,4259081999,141,83.3,,,,,,,,,,axjakqkndyt2k8v2b0y97tw16,M. Hirata,,,,,,,,,,,,,,,,,,,,,,
2545247259,127,1,1,11,49,nuaf3wtujl8erbciumch6c65,1,78.2,84.1,2023-05-07T14:13:55.687Z,2023-05-07T14:13:56Z,4259082057,140,72.0,4259082055,56,Center,4259082063,213,4.0,4259082061,212,9.6,4259082059,141,73.8,,,,,,,,,,3p9ie3u7ej9o1wpzl4aonjtd6,L. Andrade,,,,,,,,,,,,,,,,,,,,,,
2545247313,128,1,1,11,49,nuaf3wtujl8erbciumch6c65,1,70.1,73.9,2023-05-07T14:13:56.536Z,2023-05-07T14:13:59Z,4259082339,213,0.4,4259082333,141,82.4,4259082331,140,84.3,4259082337,212,16.0,4259082329,56,Left,,,,,,,,,,axjakqkndyt2k8v2b0y97tw16,M. Hirata,,,,,,,,,,,,,,,,,,,,,,
2545247325,129,1,1,11,51,nuaf3wtujl8erbciumch6c65,0,94.4,87.7,2023-05-07T14:13:57.830Z,2023-05-07T14:13:59Z,4259082409,212,3.8,4259082449,236,,4259082455,286,,4259082451,233,100,4259082405,140,93.6,4259082403,56,Left,4259082401,155,,4259082411,213,4.5,3p9ie3u7ej9o1wpzl4aonjtd6,L. Andrade,4259082399,2,,4259082407,141,82.3,,,,,,,,,,,,,,,,
2545247295,100,12,1,11,51,bax97wqmyvdu4xygi7wzcvdzd,1,11.7,16.7,2023-05-07T14:13:57.930Z,2023-05-07T14:14:00Z,4259082495,233,129,4259082253,185,,4259082257,56,Back,,,,,,,,,,,,,,,,4trepwlcclo2elj3epyrs0ep6,M. Günster,,,,,,,,,,,,,,,,,,,,,,
2545247317,101,6,1,11,52,bax97wqmyvdu4xygi7wzcvdzd,0,2.7,12.6,2023-05-07T14:13:59.145Z,2023-05-07T14:14:02Z,4259082647,233,130,4259082429,73,,4259082359,56,Back,,,,,,,,,,,,,,,,4trepwlcclo2elj3epyrs0ep6,M. Günster,,,,,,,,,,,,,,,,,,,,,,
2545247361,130,6,1,11,53,nuaf3wtujl8erbciumch6c65,1,97.3,87.4,2023-05-07T14:14:00.205Z,2023-05-07T14:14:01Z,4259082621,233,101,4259082601,73,,4259082599,56,Left,,,,,,,,,,,,,,,,3p9ie3u7ej9o1wpzl4aonjtd6,L. Andrade,,,,,,,,,,,,,,,,,,,,,,
2545248069,131,1,1,12,28,nuaf3wtujl8erbciumch6c65,1,99.5,99.5,2023-05-07T14:14:34.778Z,2023-05-07T14:14:43Z,4259086525,2,,4259086529,155,,4259086543,1,,4259086541,213,4.3,4259086537,141,33.6,4259086527,6,,4259086539,212,48.4,4259086533,56,Center,dh4eziicycykt8h2zr0to5tuy,K. Bathmann,4259086531,223,,4259086535,140,82.0,,,,,,,,,,,,,,,,
2545248097,132,1,1,12,36,nuaf3wtujl8erbciumch6c65,1,78.3,7.9,2023-05-07T14:14:42.985Z,2023-05-07T14:14:44Z,4259086691,140,64.7,4259086695,212,23.1,4259086693,141,34.6,4259086689,56,Center,4259086697,213,2.2,,,,,,,,,,8ovibbdbs49bwwwf3bbuij3hm,J. Pollak,,,,,,,,,,,,,,,,,,,,,,
2545248127,133,1,1,12,37,nuaf3wtujl8erbciumch6c65,1,64.1,32.5,2023-05-07T14:14:44.297Z,2023-05-07T14:14:46Z,4259086859,56,Right,4259086867,213,5.5,4259086861,140,73.7,4259086865,212,14.0,4259086863,141,18.3,,,,,,,,,,28fi0st48wljpt3kyee510iga,N. Günnewig,,,,,,,,,,,,,,,,,,,,,,
2545248171,134,1,1,12,39,nuaf3wtujl8erbciumch6c65,0,73.5,8.7,2023-05-07T14:14:45.993Z,2023-05-07T14:14:55Z,4259087063,213,5.8,4259087061,212,13.9,4259087059,141,0.0,4259087057,140,85.2,4259087053,155,,4259087055,56,Right,,,,,,,8ovibbdbs49bwwwf3bbuij3hm,J. Pollak,,,,,,,,,,,,,,,,,,,,,,
2545248529,102,5,1,12,41,bax97wqmyvdu4xygi7wzcvdzd,1,6,101.9,2023-05-07T14:14:48.508Z,2023-05-07T14:15:08Z,4259088935,56,Back,4259088937,347,,,,,,,,,,,,,,,,,,,,d11imdjqgfg7c0vo1te98rvv8,P. Flach,,,,,,,,,,,,,,,,,,,,,,
2545248247,135,5,1,12,42,nuaf3wtujl8erbciumch6c65,1,82.6,-1.1,2023-05-07T14:14:49.386Z,2023-05-07T14:14:54Z,4259087505,347,,4259087503,56,Right,,,,,,,,,,,,,,,,,,,8ovibbdbs49bwwwf3bbuij3hm,J. Pollak,,,,,,,,,,,,,,,,,,,,,,
2545248621,103,1,1,13,1,bax97wqmyvdu4xygi7wzcvdzd,1,13,100,2023-05-07T14:15:08.092Z,2023-05-07T14:15:12Z,4259089419,56,Back,4259089429,1,,4259089417,107,,4259089427,213,5.9,4259089425,212,31.0,4259089423,141,85.6,4259089421,140,40.7,,,,b9gxo2rldtuz9mi8lzgnm0mxg,K. Parcell,,,,,,,,,,,,,,,,,,,,,,
2545248697,104,1,1,13,5,bax97wqmyvdu4xygi7wzcvdzd,1,40.7,85.6,2023-05-07T14:15:11.996Z,2023-05-07T14:15:38Z,4259089909,213,2.3,4259089903,140,34.9,4259089905,141,95.4,4259089901,56,Back,4259089907,212,9.0,4259089899,3,,,,,,,,ac6txr5931brb1tib9d92ok8a,S. Vobian,,,,,,,,,,,,,,,,,,,,,,
2545248731,105,1,1,13,8,bax97wqmyvdu4xygi7wzcvdzd,0,34.9,95.4,2023-05-07T14:15:15.388Z,2023-05-07T14:15:16Z,4259090091,3,,4259090095,140,37.0,4259090093,56,Back,4259090101,213,4.9,4259090097,141,76.1,4259090099,212,13.3,,,,,,,380wlef6rk03khlb0t5elb04q,M. Cin,,,,,,,,,,,,,,,,,,,,,,
2545248755,106,1,1,13,10,bax97wqmyvdu4xygi7wzcvdzd,0,40.8,72.6,2023-05-07T14:15:17.340Z,2023-05-07T14:15:18Z,4259090205,56,Back,4259090299,286,,4259090209,140,44.4,4259090213,141,72.6,4259090221,213,0,4259090217,212,3.8,4259090295,233,136,4259090293,236,,380wlef6rk03khlb0t5elb04q,M. Cin,,,,,,,,,,,,,,,,,,,,,,
2545248761,136,74,1,13,11,nuaf3wtujl8erbciumch6c65,1,58.2,29.1,2023-05-07T14:15:17.755Z,2023-05-07T14:15:18Z,4259090247,285,,4259090345,233,106,4259090243,56,Center,,,,,,,,,,,,,,,,28fi0st48wljpt3kyee510iga,N. Günnewig,,,,,,,,,,,,,,,,,,,,,,
2545248817,107,1,1,13,11,bax97wqmyvdu4xygi7wzcvdzd,0,42.8,70.5,2023-05-07T14:15:18.396Z,2023-05-07T14:15:20Z,4259090589,155,,4259090597,212,72.1,4259090599,213,5.7,4259090595,141,12.8,4259090591,56,Right,4259090593,140,100.0,4259090601,1,,,,,380wlef6rk03khlb0t5elb04q,M. Cin,,,,,,,,,,,,,,,,,,,,,,
2545248825,108,5,1,13,14,bax97wqmyvdu4xygi7wzcvdzd,0,100.6,17.2,2023-05-07T14:15:20.699Z,2023-05-07T14:15:23Z,4259090937,233,137,4259090659,56,Right,4259090661,346,,,,,,,,,,,,,,,,,380wlef6rk03khlb0t5elb04q,M. Cin,,,,,,,,,,,,,,,,,,,,,,
2545248863,137,5,1,13,15,nuaf3wtujl8erbciumch6c65,1,-0.6,82.8,2023-05-07T14:15:22.251Z,2023-05-07T14:15:22Z,4259090857,346,,4259090887,233,108,4259090855,56,Back,,,,,,,,,,,,,,,,28fi0st48wljpt3kyee510iga,N. Günnewig,,,,,,,,,,,,,,,,,,,,,,
2545249145,138,1,1,13,27,nuaf3wtujl8erbciumch6c65,1,4.9,60,2023-05-07T14:15:34.379Z,2023-05-07T14:15:37Z,4259092389,213,5.5,4259092393,237,,4259092387,212,27.5,4259092379,124,,4259092381,56,Back,4259092385,141,31.2,4259092383,140,23.3,,,,49ur7byczvl0qkqn9y2qq73s9,L. Sieger,,,,,,,,,,,,,,,,,,,,,,
2545249193,139,1,1,13,30,nuaf3wtujl8erbciumch6c65,1,22.9,32.7,2023-05-07T14:15:37.402Z,2023-05-07T14:15:39Z,4259092661,212,20.6,4259092663,213,1.4,4259092659,141,62.6,4259092657,140,26.1,4259092655,56,Back,,,,,,,,,,bkbp6hl12kc3y8wohv9l3a66t,L. Weiss,,,,,,,,,,,,,,,,,,,,,,
2545249245,140,1,1,13,32,nuaf3wtujl8erbciumch6c65,1,25.5,64,2023-05-07T14:15:39.610Z,2023-05-07T14:15:42Z,4259092911,140,25.4,4259092915,212,18.4,4259092913,141,91.1,4259092909,56,Back,4259092917,213,1.6,,,,,,,,,,62soqddjmkrj99mvi1wivj4k5,S. Schulte,,,,,,,,,,,,,,,,,,,,,,
2545249325,141,1,1,13,35,nuaf3wtujl8erbciumch6c65,0,27,94.4,2023-05-07T14:15:42.332Z,2023-05-07T14:15:48Z,4259093619,157,,4259093319,140,79.2,4259093317,56,Center,4259093327,1,,4259093323,212,59.1,4259093325,213,5.9,4259093321,141,62.0,,,,8ovibbdbs49bwwwf3bbuij3hm,J. Pollak,,,,,,,,,,,,,,,,,,,,,,
2545249353,109,49,1,13,40,bax97wqmyvdu4xygi7wzcvdzd,1,20.9,31.2,2023-05-07T14:15:47.165Z,2023-05-07T14:15:47Z,,,,,,,,,,,,,,,,,,,,,,,,,c45vx4712w32k3ttlgoijkhuy,V. Fürst,,,,,,,,,,,,,,,,,,,,,,
2545249397,110,1,1,13,41,bax97wqmyvdu4xygi7wzcvdzd,0,8.8,19.7,2023-05-07T14:15:48.605Z,2023-05-07T14:15:48Z,4259093705,212,2.9,4259093703,141,17.6,4259093701,140,11.2,4259093697,56,Back,4259093707,213,5.8,,,,,,,,,,c45vx4712w32k3ttlgoijkhuy,V. Fürst,,,,,,,,,,,,,,,,,,,,,,
2545249515,111,1,1,13,45,bax97wqmyvdu4xygi7wzcvdzd,1,23.5,14.9,2023-05-07T14:15:51.773Z,2023-05-07T14:15:54Z,4259094313,140,32.3,4259094349,213,0.8,4259094321,141,28.2,4259094305,56,Back,4259094339,212,12.9,,,,,,,,,,mx0xcrbamcrs77w7socdzv11,S. Freutel,,,,,,,,,,,,,,,,,,,,,,
2545249603,112,1,1,13,46,bax97wqmyvdu4xygi7wzcvdzd,1,32.5,28.8,2023-05-07T14:15:53.597Z,2023-05-07T14:15:57Z,4259094735,212,19.3,4259094731,140,34.8,4259094733,141,56.9,4259094737,213,1.4,4259094729,56,Back,,,,,,,,,,380wlef6rk03khlb0t5elb04q,M. Cin,,,,,,,,,,,,,,,,,,,,,,
2545249557,142,61,1,13,49,nuaf3wtujl8erbciumch6c65,1,82.3,81.8,2023-05-07T14:15:55.714Z,2023-05-07T14:17:17Z,4259094519,56,Left,,,,,,,,,,,,,,,,,,,,,,axjakqkndyt2k8v2b0y97tw16,M. Hirata,,,,,,,,,,,,,,,,,,,,,,
2545249685,113,1,1,13,53,bax97wqmyvdu4xygi7wzcvdzd,1,41.1,56,2023-05-07T14:16:00.206Z,2023-05-07T14:16:01Z,4259095159,141,86.8,4259095161,212,40.4,4259095163,213,0.5,4259095165,1,,4259095155,56,Left,4259095157,140,74.0,,,,,,,ac6txr5931brb1tib9d92ok8a,S. Vobian,,,,,,,,,,,,,,,,,,,,,,
2545249697,114,1,1,13,55,bax97wqmyvdu4xygi7wzcvdzd,0,74.8,84.8,2023-05-07T14:16:01.694Z,2023-05-07T14:16:03Z,4259095243,140,81.1,4259095241,56,Center,4259095245,141,78.1,4259095237,2,,4259095471,236,,4259095475,233,143,4259095247,212,8.0,4259095479,286,,aemsodynsywxzi5m7czbenob9,Y. Zielinski,4259095249,213,5.7,4259095239,155,,,,,,,,,,,,,,,,,
2545249715,143,12,1,13,55,nuaf3wtujl8erbciumch6c65,1,12.7,11.1,2023-05-07T14:16:01.794Z,2023-05-07T14:16:04Z,4259095367,185,,4259095369,56,Back,4259095501,233,114,,,,,,,,,,,,,,,,dh4eziicycykt8h2zr0to5tuy,K. Bathmann,,,,,,,,,,,,,,,,,,,,,,
2545249797,144,3,1,13,59,nuaf3wtujl8erbciumch6c65,0,26.4,4.8,2023-05-07T14:16:06.429Z,2023-05-07T14:16:09Z,4259095809,285,,4259095991,233,115,4259095807,56,Back,,,,,,,,,,,,,,,,dh4eziicycykt8h2zr0to5tuy,K. Bathmann,,,,,,,,,,,,,,,,,,,,,,
2545249815,115,7,1,13,59,bax97wqmyvdu4xygi7wzcvdzd,1,73.6,95.2,2023-05-07T14:16:06.430Z,2023-05-07T14:16:08Z,4259095913,56,Left,4259095915,286,,4259095947,233,144,,,,,,,,,,,,,,,,aemsodynsywxzi5m7czbenob9,Y. Zielinski,,,,,,,,,,,,,,,,,,,,,,
2545249857,116,1,1,14,2,bax97wqmyvdu4xygi7wzcvdzd,0,73.5,86.9,2023-05-07T14:16:08.862Z,2023-05-07T14:16:11Z,4259096227,155,,4259096239,212,30.5,4259096219,2,,4259096241,213,5.4,4259096237,141,52.5,4259096231,56,Center,4259096235,140,92.1,,,,aemsodynsywxzi5m7czbenob9,Y. Zielinski,,,,,,,,,,,,,,,,,,,,,,
2545249913,145,12,1,14,5,nuaf3wtujl8erbciumch6c65,1,8.6,43,2023-05-07T14:16:11.981Z,2023-05-07T14:16:15Z,4259096551,140,0.0,4259096555,212,28.5,4259096553,141,82.4,4259096739,15,,4259096617,167,,4259096557,213,1.9,4259096549,56,Back,,,,62soqddjmkrj99mvi1wivj4k5,S. Schulte,,,,,,,,,,,,,,,,,,,,,,
2545249909,117,6,1,14,5,bax97wqmyvdu4xygi7wzcvdzd,1,96.4,35,2023-05-07T14:16:12.287Z,2023-05-07T14:16:14Z,4259096527,75,,4259096639,233,146,4259096525,56,Center,,,,,,,,,,,,,,,,aemsodynsywxzi5m7czbenob9,Y. Zielinski,,,,,,,,,,,,,,,,,,,,,,
2545249917,146,6,1,14,6,nuaf3wtujl8erbciumch6c65,0,3.6,65,2023-05-07T14:16:13.582Z,2023-05-07T14:16:15Z,4259096653,233,117,4259096579,73,,4259096577,56,Back,,,,,,,,,,,,,,,,62soqddjmkrj99mvi1wivj4k5,S. Schulte,,,,,,,,,,,,,,,,,,,,,,
2545250759,118,1,1,14,53,bax97wqmyvdu4xygi7wzcvdzd,1,99.5,0.5,2023-05-07T14:17:00.015Z,2023-05-07T14:17:02Z,4259101167,140,91.3,4259101159,6,,4259101161,155,,4259101165,56,Center,4259101163,224,,4259101177,213,2.0,4259101175,212,21.1,4259101171,141,28.8,380wlef6rk03khlb0t5elb04q,M. Cin,4259101157,2,,,,,,,,,,,,,,,,,,,,
2545250785,119,1,1,14,56,bax97wqmyvdu4xygi7wzcvdzd,1,93.1,27.4,2023-05-07T14:17:02.783Z,2023-05-07T14:17:12Z,4259101323,140,95.1,4259101325,141,10.0,4259101319,56,Right,4259101329,212,12.0,4259101331,213,4.9,,,,,,,,,,aemsodynsywxzi5m7czbenob9,Y. Zielinski,,,,,,,,,,,,,,,,,,,,,,
2545250855,120,1,1,14,57,bax97wqmyvdu4xygi7wzcvdzd,1,95.1,10,2023-05-07T14:17:03.791Z,2023-05-07T14:17:38Z,4259105693,210,13,4259105695,154,,4259101709,140,93.2,4259101713,212,22.7,4259101715,213,1.7,4259101711,141,43.3,4259101707,56,Center,4259101705,155,,380wlef6rk03khlb0t5elb04q,M. Cin,4259101703,2,,,,,,,,,,,,,,,,,,1,,
2545250865,121,13,1,15,0,bax97wqmyvdu4xygi7wzcvdzd,1,93.2,43.3,2023-05-07T14:17:06.704Z,2023-05-07T14:17:39Z,4259105741,231,47.8,4259105737,328,,4259105729,55,120,4259101769,56,Center,4259105721,25,,4259105725,29,,4259105723,81,,4259101765,17,,qirr699c3gjdqq420ssd9vit,D. Hoppius,4259104049,20,,4259105735,103,84.7,4259105733,102,4259105739,230,4259105727,154,,,,,,,,,39.2,99.0
2545250879,147,5,1,15,1,nuaf3wtujl8erbciumch6c65,1,-1.3,63.6,2023-05-07T14:17:08.111Z,2023-05-07T14:17:09Z,4259101851,346,,4259101849,56,Back,4259102057,233,122,,,,,,,,,,,,,,,,6l7cn7fmomj88kfdyo9seopg5,A. Moraitou,,,,,,,,,,,,,,,,,,,,,,
2545250915,122,5,1,15,2,bax97wqmyvdu4xygi7wzcvdzd,0,101.3,36.4,2023-05-07T14:17:09.136Z,2023-05-07T14:17:10Z,4259102011,56,Center,4259102013,346,,4259102127,233,147,,,,,,,,,,,,,,,,qirr699c3gjdqq420ssd9vit,D. Hoppius,,,,,,,,,,,,,,,,,,,,,,
2545251793,148,1,1,15,36,nuaf3wtujl8erbciumch6c65,1,4.6,47.9,2023-05-07T14:17:43.279Z,2023-05-07T14:17:46Z,4259106763,213,5.9,4259106759,212,16.2,4259106757,141,40.0,4259106773,237,,4259106755,140,19.2,4259106753,56,Back,4259106751,124,,,,,49ur7byczvl0qkqn9y2qq73s9,L. Sieger,,,,,,,,,,,,,,,,,,,,,,
2545251839,149,1,1,15,39,nuaf3wtujl8erbciumch6c65,1,18.5,40,2023-05-07T14:17:45.998Z,2023-05-07T14:17:47Z,4259107029,141,70.8,4259107033,213,1.5,4259107031,212,21.0,4259107025,56,Back,4259107027,140,19.9,,,,,,,,,,bkbp6hl12kc3y8wohv9l3a66t,L. Weiss,,,,,,,,,,,,,,,,,,,,,,
2545251919,150,1,1,15,40,nuaf3wtujl8erbciumch6c65,1,19.9,70.8,2023-05-07T14:17:47.470Z,2023-05-07T14:17:51Z,4259107435,56,Back,4259107441,212,15.7,4259107443,213,1.6,4259107437,140,19.8,4259107439,141,93.9,,,,,,,,,,62soqddjmkrj99mvi1wivj4k5,S. Schulte,,,,,,,,,,,,,,,,,,,,,,
2545251903,123,45,1,15,43,bax97wqmyvdu4xygi7wzcvdzd,0,77.4,5.1,2023-05-07T14:17:50.096Z,2023-05-07T14:17:53Z,4259107345,56,Right,4259107349,286,,4259107609,233,151,,,,,,,,,,,,,,,,2b6315hlohr62lm3xzz5qidey,A. Halverkamps,,,,,,,,,,,,,,,,,,,,,,
2545251941,151,3,1,15,43,nuaf3wtujl8erbciumch6c65,1,22.6,94.9,2023-05-07T14:17:50.096Z,2023-05-07T14:17:52Z,4259107567,285,,4259107565,56,Back,4259107573,233,123,,,,,,,,,,,,,,,,8ovibbdbs49bwwwf3bbuij3hm,J. Pollak,,,,,,,,,,,,,,,,,,,,,,
2545251969,152,1,1,15,45,nuaf3wtujl8erbciumch6c65,1,17.5,89.4,2023-05-07T14:17:52.383Z,2023-05-07T14:17:54Z,4259107733,141,79.9,4259107735,212,8.7,4259107731,140,12.0,4259107737,213,4.0,4259107729,56,Back,,,,,,,,,,8ovibbdbs49bwwwf3bbuij3hm,J. Pollak,,,,,,,,,,,,,,,,,,,,,,
2545252035,153,1,1,15,47,nuaf3wtujl8erbciumch6c65,1,11.6,80.3,2023-05-07T14:17:54.255Z,2023-05-07T14:17:57Z,4259108085,141,98.7,4259108081,140,16.4,4259108087,212,13.5,4259108089,213,1.2,4259108077,56,Back,,,,,,,,,,62soqddjmkrj99mvi1wivj4k5,S. Schulte,,,,,,,,,,,,,,,,,,,,,,
2545252157,154,1,1,15,50,nuaf3wtujl8erbciumch6c65,0,23,94.7,2023-05-07T14:17:57.599Z,2023-05-07T14:18:03Z,4259108869,236,,4259108819,141,81.1,4259108875,233,124,4259108879,286,,4259108825,213,4.9,4259108823,212,9.5,4259108811,56,Back,4259108815,140,24.9,3p9ie3u7ej9o1wpzl4aonjtd6,L. Andrade,,,,,,,,,,,,,,,,,,,,,,
2545252111,124,74,1,15,53,bax97wqmyvdu4xygi7wzcvdzd,1,78.3,9.8,2023-05-07T14:18:00.593Z,2023-05-07T14:18:03Z,4259108505,56,Right,4259108507,285,,4259108891,233,154,,,,,,,,,,,,,,,,2b6315hlohr62lm3xzz5qidey,A. Halverkamps,,,,,,,,,,,,,,,,,,,,,,
2545252287,155,1,1,15,57,nuaf3wtujl8erbciumch6c65,1,11.1,85.9,2023-05-07T14:18:04.591Z,2023-05-07T14:18:07Z,4259109527,141,60.8,4259109523,56,Back,4259109525,140,4.3,4259109531,213,4.3,4259109529,212,18.5,,,,,,,,,,8ovibbdbs49bwwwf3bbuij3hm,J. Pollak,,,,,,,,,,,,,,,,,,,,,,
2545252281,125,8,1,16,0,bax97wqmyvdu4xygi7wzcvdzd,1,67.5,34.6,2023-05-07T14:18:07.057Z,2023-05-07T14:18:07Z,4259109511,56,Center,,,,,,,,,,,,,,,,,,,,,,4trepwlcclo2elj3epyrs0ep6,M. Günster,,,,,,,,,,,,,,,,,,,,,,
2545252301,156,1,1,16,0,nuaf3wtujl8erbciumch6c65,0,4.3,58.5,2023-05-07T14:18:07.151Z,2023-05-07T14:18:07Z,4259109587,212,24.6,4259109579,155,,4259109585,141,76.4,4259109581,56,Back,4259109583,140,24.7,4259109589,213,0.5,,,,,,,49ur7byczvl0qkqn9y2qq73s9,L. Sieger,,,,,,,,,,,,,,,,,,,,,,
2545252463,157,1,1,16,4,nuaf3wtujl8erbciumch6c65,0,17.4,62.3,2023-05-07T14:18:11.311Z,2023-05-07T14:18:13Z,4259110437,56,Back,4259110443,212,21.5,4259110441,141,92.4,4259110445,213,1.3,4259110447,1,,4259110435,157,,4259110439,140,23.8,,,,bkbp6hl12kc3y8wohv9l3a66t,L. Weiss,,,,,,,,,,,,,,,,,,,,,,
2545252735,126,5,1,16,6,bax97wqmyvdu4xygi7wzcvdzd,1,83.7,-0.4,2023-05-07T14:18:13.089Z,2023-05-07T14:18:22Z,4259111683,347,,4259111681,56,Right,4259111709,233,159,,,,,,,,,,,,,,,,2b6315hlohr62lm3xzz5qidey,A. Halverkamps,,,,,,,,,,,,,,,,,,,,,,
2545252593,158,1,1,16,8,nuaf3wtujl8erbciumch6c65,0,10,84.8,2023-05-07T14:18:14.848Z,2023-05-07T14:18:20Z,4259111019,212,11.9,4259111017,141,100.0,4259111021,213,1.1,4259111015,140,14.8,4259111013,56,Back,4259111011,3,,,,,,,,8ovibbdbs49bwwwf3bbuij3hm,J. Pollak,,,,,,,,,,,,,,,,,,,,,,
2545252599,159,5,1,16,10,nuaf3wtujl8erbciumch6c65,0,16.3,100.4,2023-05-07T14:18:17.409Z,2023-05-07T14:18:22Z,4259111771,233,126,4259111051,56,Back,4259111053,347,,,,,,,,,,,,,,,,,8ovibbdbs49bwwwf3bbuij3hm,J. Pollak,,,,,,,,,,,,,,,,,,,,,,
2545252763,127,1,1,16,15,bax97wqmyvdu4xygi7wzcvdzd,1,82.7,0,2023-05-07T14:18:22.210Z,2023-05-07T14:18:34Z,4259111887,107,,4259111895,212,18.7,4259111893,141,18.9,4259111891,140,95.2,4259111897,213,0.8,4259111889,56,Right,,,,,,,mx0xcrbamcrs77w7socdzv11,S. Freutel,,,,,,,,,,,,,,,,,,,,,,
2545252809,128,1,1,16,17,bax97wqmyvdu4xygi7wzcvdzd,0,95.2,18.9,2023-05-07T14:18:23.794Z,2023-05-07T14:18:32Z,4259112161,56,Right,4259112165,141,14.6,4259112163,140,89.5,4259112169,213,3.6,4259112167,212,6.7,,,,,,,,,,aemsodynsywxzi5m7czbenob9,Y. Zielinski,,,,,,,,,,,,,,,,,,,,,,
2545252859,160,1,1,16,19,nuaf3wtujl8erbciumch6c65,1,11.8,78.1,2023-05-07T14:18:26.079Z,2023-05-07T14:18:28Z,4259112417,213,5.8,4259112409,56,Back,4259112413,141,70.6,4259112415,212,11.1,4259112411,140,21.2,,,,,,,,,,28fi0st48wljpt3kyee510iga,N. Günnewig,,,,,,,,,,,,,,,,,,,,,,
2545252879,161,1,1,16,21,nuaf3wtujl8erbciumch6c65,0,21.1,75.1,2023-05-07T14:18:27.888Z,2023-05-07T14:18:28Z,4259112529,140,30.9,4259112527,56,Back,4259112535,213,6.0,4259112533,212,10.6,4259112531,141,71.2,,,,,,,,,,6l7cn7fmomj88kfdyo9seopg5,A. Moraitou,,,,,,,,,,,,,,,,,,,,,,
2545252911,129,1,1,16,22,bax97wqmyvdu4xygi7wzcvdzd,0,69.4,31.8,2023-05-07T14:18:28.833Z,2023-05-07T14:18:33Z,4259112689,140,100.0,4259112697,1,,4259112685,155,,4259112687,56,Center,4259112695,213,0.6,4259112691,141,63.7,4259112693,212,39.7,,,,c45vx4712w32k3ttlgoijkhuy,V. Fürst,,,,,,,,,,,,,,,,,,,,,,
2545252915,130,5,1,16,23,bax97wqmyvdu4xygi7wzcvdzd,0,101,61.7,2023-05-07T14:18:30.622Z,2023-05-07T14:18:32Z,4259112711,56,Center,4259112713,346,,4259112893,233,162,,,,,,,,,,,,,,,,c45vx4712w32k3ttlgoijkhuy,V. Fürst,,,,,,,,,,,,,,,,,,,,,,
2545252935,162,5,1,16,24,nuaf3wtujl8erbciumch6c65,1,-1,38.3,2023-05-07T14:18:31.408Z,2023-05-07T14:18:31Z,4259112821,56,Back,4259112823,346,,4259112877,233,130,,,,,,,,,,,,,,,,6l7cn7fmomj88kfdyo9seopg5,A. Moraitou,,,,,,,,,,,,,,,,,,,,,,
